<?xml version="1.0" encoding="UTF-8"?><rss version="2.0"
	xmlns:content="http://purl.org/rss/1.0/modules/content/"
	xmlns:wfw="http://wellformedweb.org/CommentAPI/"
	xmlns:dc="http://purl.org/dc/elements/1.1/"
	xmlns:atom="http://www.w3.org/2005/Atom"
	xmlns:sy="http://purl.org/rss/1.0/modules/syndication/"
	xmlns:slash="http://purl.org/rss/1.0/modules/slash/"
	>

<channel>
	<title>Personal Website Building (个人网站建设) &#8211; Eternal Center</title>
	<atom:link href="./index.html" rel="self" type="application/rss+xml" />
	<link>./../../../../index.html</link>
	<description></description>
	<lastBuildDate>Fri, 07 Jan 2022 15:52:55 +0000</lastBuildDate>
	<language>en-US</language>
	<sy:updatePeriod>
	hourly	</sy:updatePeriod>
	<sy:updateFrequency>
	1	</sy:updateFrequency>
	
	<item>
		<title>WordPress 值得使用的主题和插件</title>
		<link>./../../../../wordpress-theme-plugins/index.html</link>
		
		<dc:creator><![CDATA[Mingyu Zhu]]></dc:creator>
		<pubDate>Mon, 27 Dec 2021 14:26:53 +0000</pubDate>
				<category><![CDATA[Articles (文章)]]></category>
		<category><![CDATA[Chinese (中文)]]></category>
		<category><![CDATA[Information Technology (IT) Articles (信息技术类文章)]]></category>
		<category><![CDATA[Languages (语言)]]></category>
		<category><![CDATA[Personal Website Building (个人网站建设)]]></category>
		<category><![CDATA[PHP]]></category>
		<category><![CDATA[Project (项目)]]></category>
		<category><![CDATA[Website Programs (网页程序)]]></category>
		<category><![CDATA[Writings (写作)]]></category>
		<guid isPermaLink="false">./../../../../index.html?p=20391</guid>

					<description><![CDATA[主题 Twenty Seventeen Twenty Seventeen 是一个开源的 WordPress 主题，非常适合目录较多的网站，首页能够巧妙地将图片和文字结合在一起。 插件 All In One WP Security All In One WP Security 是一个开源的 WordPress 安全插件，比较全面地对 WordPress 进行安全加强，安装了这个插件以后，基本上就不需要再安装其他安全插件。 Easy WP SMTP Easy WP SMTP 是一个开源的 WordPress 邮件插件，可以实现 WordPress 通过 SMTP 发送邮件。 Simply Static Simply Static 是一个开源的 WordPress 动态网站转静态网站插件，可以将动态网站转换成静态网站。]]></description>
										<content:encoded><![CDATA[
<h2>主题</h2>



<h2 class="has-normal-font-size">Twenty Seventeen</h2>



<p>Twenty Seventeen 是一个开源的 WordPress 主题，非常适合目录较多的网站，首页能够巧妙地将图片和文字结合在一起。</p>



<h2>插件</h2>



<h2 class="has-normal-font-size">All In One WP Security</h2>



<p>All In One WP Security 是一个开源的 WordPress 安全插件，比较全面地对 WordPress 进行安全加强，安装了这个插件以后，基本上就不需要再安装其他安全插件。</p>



<h2 class="has-normal-font-size">Easy WP SMTP</h2>



<p>Easy WP SMTP 是一个开源的 WordPress 邮件插件，可以实现 WordPress 通过 SMTP 发送邮件。</p>



<h2 class="has-normal-font-size">Simply Static</h2>



<p>Simply Static 是一个开源的 WordPress 动态网站转静态网站插件，可以将动态网站转换成静态网站。</p>
]]></content:encoded>
					
		
		
			</item>
		<item>
		<title>[步骤] Linux SSL 证书的生成 （Let&#8217;s Encrypt certbot 版）</title>
		<link>./../../../../ssl-lets-encrypt-certbot/index.html</link>
		
		<dc:creator><![CDATA[Mingyu Zhu]]></dc:creator>
		<pubDate>Sun, 19 Dec 2021 15:12:46 +0000</pubDate>
				<category><![CDATA[Apache]]></category>
		<category><![CDATA[Basic Guidelines for Website building (网站建设基础指南)]]></category>
		<category><![CDATA[Chinese (中文)]]></category>
		<category><![CDATA[Django Service (服务)]]></category>
		<category><![CDATA[Nginx]]></category>
		<category><![CDATA[Nginx Security (安全)]]></category>
		<category><![CDATA[Personal Website Building (个人网站建设)]]></category>
		<category><![CDATA[Project (项目)]]></category>
		<category><![CDATA[Services (服务)]]></category>
		<category><![CDATA[System (系统)]]></category>
		<category><![CDATA[System Network & System Security & System Log (系统网络 & 系统安全 & 系统日志)]]></category>
		<category><![CDATA[System Port Security (系统端口安全)]]></category>
		<category><![CDATA[System Security (系统安全)]]></category>
		<category><![CDATA[Website Services (网站服务)]]></category>
		<guid isPermaLink="false">./../../../../index.html?p=19886</guid>

					<description><![CDATA[步骤目录： 步骤一：将要申请 Let&#8217;s Encrypt SSL 的域名解析到要进行操作的服务器 IP 地址上 步骤二：安装 certbot 步骤三：使用 certbot 生成 Let&#8217;s Encrypt SSL 证书 步骤四：查看已经生成的 Let&#8217;s Encrypt SSL 证书 步骤五：延期 Let&#8217;s Encrypt SSL 证书5.1 查看 Let&#8217;s Encrypt SSL 证书的延期策略5.2 手动延期 Let&#8217;s Encrypt SSL 证书5.3 自动延期 Let&#8217;s Encrypt SSL 证书 步骤六：Let’s Encrypt SSL 证书的生成限制 具体的操作步骤： 步骤一：将要申请 Let&#8217;s Encrypt SSL 的域名解析到要进行操作的服务器 IP 地址上 （步骤略） &#8230; <p class="link-more"><a href="./../../../../ssl-lets-encrypt-certbot/index.html" class="more-link">Continue reading<span class="screen-reader-text"> "[步骤] Linux SSL 证书的生成 （Let&#8217;s Encrypt certbot 版）"</span></a></p>]]></description>
										<content:encoded><![CDATA[
<h2>步骤目录：</h2>



<h4>步骤一：将要申请 Let&#8217;s Encrypt SSL 的域名解析到要进行操作的服务器 IP 地址上</h4>



<h4>步骤二：安装 certbot</h4>



<h4>步骤三：使用 certbot 生成 Let&#8217;s Encrypt SSL 证书</h4>



<h4>步骤四：查看已经生成的 Let&#8217;s Encrypt SSL 证书</h4>



<h4>步骤五：延期 Let&#8217;s Encrypt SSL 证书<br>5.1 查看 Let&#8217;s Encrypt SSL 证书的延期策略<br>5.2 手动延期 Let&#8217;s Encrypt SSL 证书<br>5.3 自动延期 Let&#8217;s Encrypt SSL 证书</h4>



<h4>步骤六：Let’s Encrypt SSL 证书的生成限制</h4>



<h2>具体的操作步骤：</h2>



<h4>步骤一：将要申请 Let&#8217;s Encrypt SSL 的域名解析到要进行操作的服务器 IP 地址上</h4>



<p>（步骤略）</p>



<h4>步骤二：安装 certbot</h4>



<pre class="wp-block-code"><code># yum -y install certbot</code></pre>



<p>（补充：这里以在 Fedora 35 上安装 certbot 为例）</p>



<h4>步骤三：使用 certbot 生成 Let&#8217;s Encrypt SSL 证书</h4>



<pre class="wp-block-code"><code># certbot certonly --email mingyu.zhu@eternalcenter.com -n --agree-tos --webroot -w /usr/share/nginx/html/ -d eternalcenter.com
Saving debug log to /var/log/letsencrypt/letsencrypt.log
Plugins selected: Authenticator webroot, Installer None
Requesting a certificate for eternalcenter.com
Performing the following challenges:
http-01 challenge for eternalcenter.com
Using the webroot path /usr/share/nginx/html for all unmatched domains.
Waiting for verification...
Cleaning up challenges

IMPORTANT NOTES:
 - Congratulations! Your certificate and chain have been saved at:
   /etc/letsencrypt/live/eternalcenter.com/fullchain.pem
   Your key file has been saved at:
   /etc/letsencrypt/live/eternalcenter.com/privkey.pem
   Your certificate will expire on 2022-03-20. To obtain a new or
   tweaked version of this certificate in the future, simply run
   certbot again. To non-interactively renew *all* of your
   certificates, run "certbot renew"
 - If you like Certbot, please consider supporting our work by:

   Donating to ISRG / Let's Encrypt:   https://letsencrypt.org/donate
   Donating to EFF:                    https://eff.org/donate-le</code></pre>



<p>（<br>补充：这里以<br>1) 使用 mingyu.zhu@eternalcenter.com 邮箱<br>2) 以非交互式的方式<br>3) 通过给 /usr/share/nginx/html/ 网站目录里添加验证文件进行验证<br>4) 给 eternalcenter.com 域名<br>申请 Let&#8217;s Encrypt SSL 证书为例<br>）</p>



<h4>步骤四：查看已经生成的 Let&#8217;s Encrypt SSL 证书</h4>



<pre class="wp-block-code"><code># certbot certificates
Saving debug log to /var/log/letsencrypt/letsencrypt.log

- - - - - - - - - - - - - - - - - - - - - - - - - - - - - - - - - - - - - - - -
Found the following certs:
  Certificate Name: eternalcenter.com
    Serial Number: 3e8cdb74a1abfbf3d535ec1c3f8cb3e4e4c
    Key Type: RSA
    Domains: eternalcenter.com
    Expiry Date: 2022-03-20 13:48:48+00:00 (VALID: 89 days)
    Certificate Path: /etc/letsencrypt/live/eternalcenter.com/fullchain.pem
    Private Key Path: /etc/letsencrypt/live/eternalcenter.com/privkey.pem
- - - - - - - - - - - - - - - - - - - - - - - - - - - - - - - - - - - - - - - -
</code></pre>



<p>（<br>补充：<br>1) /etc/letsencrypt/live/eternalcenter.com/fullchain.pem 是公钥<br>2) /etc/letsencrypt/live/eternalcenter.com/privkey.pem 是私钥<br>）</p>



<h4>步骤五：延期 Let&#8217;s Encrypt SSL 证书<br>5.1 查看 Let&#8217;s Encrypt SSL 证书的延期策略</h4>



<pre class="wp-block-code"><code># cat /etc/letsencrypt/renewal/eternalcenter.com.conf 
# renew_before_expiry = 30 days
version = 1.20.0
archive_dir = /etc/letsencrypt/archive/eternalcenter.com
cert = /etc/letsencrypt/live/eternalcenter.com/cert.pem
privkey = /etc/letsencrypt/live/eternalcenter.com/privkey.pem
chain = /etc/letsencrypt/live/eternalcenter.com/chain.pem
fullchain = /etc/letsencrypt/live/eternalcenter.com/fullchain.pem</code></pre>



<p>（补充：可以看出 Let&#8217;s Encrypt SSL 证书是在过期前 30 天才能更新）</p>



<h4>5.2 手动延期 Let&#8217;s Encrypt SSL 证书</h4>



<pre class="wp-block-code"><code># /usr/bin/certbot renew</code></pre>



<p>（补充：这里以延期 Let&#8217;s Encrypt SSL 证书为例）</p>



<h4>5.3 自动延期 Let&#8217;s Encrypt SSL 证书</h4>



<pre class="wp-block-code"><code># crontab -e</code></pre>



<p>添加以下内容：</p>



<pre class="wp-block-code"><code>......
0 0 */30 * * /usr/bin/certbot renew</code></pre>



<p>（补充：这里以每过 30 天的 0 时 0 分延期 Let&#8217;s Encrypt SSL 证书为例）</p>



<h4>步骤六：Let’s Encrypt SSL 证书的生成限制</h4>



<p>1) 一个域名申请次数不能超过 5 次/周<br>2) 允许申请失败次数不能超过 5 次/时<br>3) 属于同一个顶级域名的二级域名申请次数不能超过 20 次/周<br>4) 申请请求频率不能超过 20 次/秒<br>5) 一个 IP 地址创建用户个数不能超过 10 个/3 小时<br>6) 一个用户最多 pending 审核的数不能超过 300 个</p>
]]></content:encoded>
					
		
		
			</item>
		<item>
		<title>[工具] Shell 博客 WordPress 数据去隐私化</title>
		<link>./../../../../shell-blog-wordpress-de-privacy/index.html</link>
		
		<dc:creator><![CDATA[Mingyu Zhu]]></dc:creator>
		<pubDate>Sat, 18 Dec 2021 16:12:50 +0000</pubDate>
				<category><![CDATA[Automation Maintenance (自动化运维)]]></category>
		<category><![CDATA[Chinese (中文)]]></category>
		<category><![CDATA[Languages (语言)]]></category>
		<category><![CDATA[Nginx]]></category>
		<category><![CDATA[Nginx Management (管理)]]></category>
		<category><![CDATA[Personal Website Building (个人网站建设)]]></category>
		<category><![CDATA[Project (项目)]]></category>
		<category><![CDATA[Services (服务)]]></category>
		<category><![CDATA[Shell]]></category>
		<category><![CDATA[Shell Backup (备份)]]></category>
		<category><![CDATA[Website Services (网站服务)]]></category>
		<guid isPermaLink="false">./../../../../index.html?p=19868</guid>

					<description><![CDATA[介绍： 作者：朱明宇名称：Shell 博客 WordPress 数据去隐私化作用：修改 WordPress 备份中某个用户的密码并再次进行备份 使用方法：1. 在此脚本的分割线内写入相应的内容2. 给此脚本添加执行权限3. 执行此脚本 脚本分割线里的变量：1. path=/home/zhumingyu/EternalCenter #本地备份目录2. filename=eternalcenter-backup #本地备份文件3. cpath=&#8221;/srv/www/htdocs&#8221; #网站程序目录4. sqlfile=eternalcenter/eternalcenter.sql #网站数据库数据备份5. tarfile=eternalcenter/eternalcenter.tar.gz #网站网页数据备份6. newfilename=clone-eternalcenter-backup #新备份的文件名7. user=&#8217;Mingyu Zhu&#8217; #要修改密码的用户8. newpw=eternalcenter #新的用户密码9. dbuser=ec #用于连接数据库的用户10. dbuserpw=eternalcenter #用于连接数据库的密码11. db=ec #网站数据库数据在数据库中的库 注意：1. 本地需要已经搭建好 LNMP 平台2. 执行此脚本的用户需要有远程服务器的 sudo tar 和 sudo rm 权限3. 脚本 ”mysql -uroot -p&#8217;eternalcenter&#8217; -e &#8220;drop database $db;&#8221;“ 中 &#8230; <p class="link-more"><a href="./../../../../shell-blog-wordpress-de-privacy/index.html" class="more-link">Continue reading<span class="screen-reader-text"> "[工具] Shell 博客 WordPress 数据去隐私化"</span></a></p>]]></description>
										<content:encoded><![CDATA[
<h2>介绍：</h2>



<p>作者：朱明宇<br>名称：Shell 博客 WordPress 数据去隐私化<br>作用：修改 WordPress 备份中某个用户的密码并再次进行备份</p>



<p>使用方法：<br>1. 在此脚本的分割线内写入相应的内容<br>2. 给此脚本添加执行权限<br>3. 执行此脚本</p>



<p>脚本分割线里的变量：<br>1. path=/home/zhumingyu/EternalCenter #本地备份目录<br>2. filename=eternalcenter-backup #本地备份文件<br>3. cpath=&#8221;/srv/www/htdocs&#8221; #网站程序目录<br>4. sqlfile=eternalcenter/eternalcenter.sql #网站数据库数据备份<br>5. tarfile=eternalcenter/eternalcenter.tar.gz #网站网页数据备份<br>6. newfilename=clone-eternalcenter-backup #新备份的文件名<br>7. user=&#8217;Mingyu Zhu&#8217; #要修改密码的用户<br>8. newpw=eternalcenter #新的用户密码<br>9. dbuser=ec #用于连接数据库的用户<br>10. dbuserpw=eternalcenter #用于连接数据库的密码<br>11. db=ec #网站数据库数据在数据库中的库</p>



<p>注意：<br>1. 本地需要已经搭建好 LNMP 平台<br>2. 执行此脚本的用户需要有远程服务器的 sudo tar 和 sudo rm 权限<br>3. 脚本 ”mysql -uroot -p&#8217;eternalcenter&#8217; -e &#8220;drop database $db;&#8221;“ 中 “eternalcenter“ 是指远程 MariaDB 数据库 root 用户的密码，需要修改成远程 MariaDB 数据库的 root 用户密码</p>



<h2>脚本：</h2>



<pre class="wp-block-code"><code>#!/bin/bash

####################### Separator ########################

path=/home/zhumingyu/EternalCenter
filename=eternalcenter-backup
cpath="/srv/www/htdocs"
sqlfile=eternalcenter/eternalcenter.sql
tarfile=eternalcenter/eternalcenter.tar.gz
newfilename=clone-eternalcenter-backup
user='Mingyu Zhu'
newpw=eternalcenter
dbuser=ec
dbuserpw=eternalcenter
db=ec

####################### Separator ########################

date=$(date +%Y-%m-%d-%H)
dir=`pwd`

sudo systemctl stop nginx
sudo systemctl stop php-fpm

mkdir -p $path/$newfilename-$date &amp;&gt; /dev/null

mysql -uroot -p'eternalcenter' -e "drop database $db;"
mysql -uroot -p'eternalcenter' -e "create database $db;"
mysql -uroot -e "create user \"$dbuser\"@\"localhost\" identified by \"$dbuserpw\";"
mysql -uroot -p'eternalcenter' -e "grant all privileges on $db.* to \"$dbuser\"@'localhost';"
mysql -uroot -p'eternalcenter' ec &lt; $sqlfile
mysql -uroot -p'eternalcenter' -e "update $db.ec_users set user_pass = md5(\'$newpw\') where user_login = \'$user\';"
sudo rm -rf $cpath/*
sudo tar -zxvf $tarfile -C $cpath &amp;&gt; /dev/null
cd $cpath
sudo sed -i "s/define('DB_PASSWORD', .*);/define('DB_PASSWORD', \'$dbuserpw\');/" wp-config.php

mysqldump -uroot -p'eternalcenter' $db &gt; $path/$newfilename-$date/$newfilename-$date.sql
sudo tar -zcvf $path/$newfilename-$date/$newfilename-$date.tar.gz .&#91;!.]* * &amp;&gt; /dev/null
cd $dir

sudo systemctl start nginx
sudo systemctl start php-fpm

cd $dir</code></pre>
]]></content:encoded>
					
		
		
			</item>
		<item>
		<title>[命令] Linux SSL 证书的生成 （openssl 版）</title>
		<link>./../../../../ssl-openssl/index.html</link>
		
		<dc:creator><![CDATA[Mingyu Zhu]]></dc:creator>
		<pubDate>Tue, 20 Apr 2021 07:50:42 +0000</pubDate>
				<category><![CDATA[Apache]]></category>
		<category><![CDATA[Basic Guidelines for Website building (网站建设基础指南)]]></category>
		<category><![CDATA[Chinese (中文)]]></category>
		<category><![CDATA[Django Service (服务)]]></category>
		<category><![CDATA[Nginx]]></category>
		<category><![CDATA[Nginx Security (安全)]]></category>
		<category><![CDATA[Personal Website Building (个人网站建设)]]></category>
		<category><![CDATA[Project (项目)]]></category>
		<category><![CDATA[Services (服务)]]></category>
		<category><![CDATA[System (系统)]]></category>
		<category><![CDATA[System Network & System Security & System Log (系统网络 & 系统安全 & 系统日志)]]></category>
		<category><![CDATA[System Port Security (系统端口安全)]]></category>
		<category><![CDATA[System Security (系统安全)]]></category>
		<category><![CDATA[Website Services (网站服务)]]></category>
		<guid isPermaLink="false">./../../../../index.html?p=14032</guid>

					<description><![CDATA[内容一：生成 SSL 证书1.1 交互式生成 SSL 证书 （补充：这里以同时生成长度 4096 位，加密格式为 512 的私钥 eternalcenter.com.key 和公钥 eternalcenter.com.csr 为例） 1.2 非交互式生成 SSL 证书 （补充：这里以同时生成1) 长度为 4096 位2) 加密格式为 5123) 国家为 CN4) 州或省为 Sichuan5) 城市为 Chengdu6) 组织为 Eternal Center7) 部门为 Mingyu Zhu8) 域名为 eternalcenter.com9) 邮箱地址为 contact@mingyuzhu.com的私钥 eternalcenter.com.key 和公钥 eternalcenter.com.csr 为例） 内容二：测试 SSL 证书]]></description>
										<content:encoded><![CDATA[
<h4>内容一：生成 SSL 证书<br>1.1 交互式生成 SSL 证书</h4>



<pre class="wp-block-code"><code># openssl req -nodes -newkey rsa:4096 -sha512 -keyout eternalcenter.com.key -out eternalcenter.com.csr</code></pre>



<p>（补充：这里以同时生成长度 4096 位，加密格式为 512 的私钥 eternalcenter.com.key 和公钥 eternalcenter.com.csr 为例）</p>



<h4>1.2 非交互式生成 SSL 证书</h4>



<pre class="wp-block-code"><code># openssl req -nodes -newkey rsa:4096 -sha512 -out eternalcenter.com.csr -keyout eternalcenter.com.key -subj "/C=CN/ST=Sichuan/L=Chengdu/O=Eternal Center/OU=Mingyu Zhu/CN=eternalcenter.com/emailAddress=contact@mingyuzhu.com"</code></pre>



<p>（<br>补充：这里以同时生成<br>1) 长度为 4096 位<br>2) 加密格式为 512<br>3) 国家为 CN<br>4) 州或省为 Sichuan<br>5) 城市为 Chengdu<br>6) 组织为 Eternal Center<br>7) 部门为 Mingyu Zhu<br>8) 域名为 eternalcenter.com<br>9) 邮箱地址为 contact@mingyuzhu.com<br>的私钥 eternalcenter.com.key 和公钥 eternalcenter.com.csr 为例<br>）</p>



<h4>内容二：测试 SSL 证书</h4>



<pre class="wp-block-code"><code># openssl req -in eternalcenter.com.csr -noout -text</code></pre>
]]></content:encoded>
					
		
		
			</item>
		<item>
		<title>[步骤] WordPress 数据库的修复 （通过 WordPress 官方修复工具实现）</title>
		<link>./../../../../wordpress-db-repair/index.html</link>
		
		<dc:creator><![CDATA[Mingyu Zhu]]></dc:creator>
		<pubDate>Wed, 21 Aug 2019 04:23:11 +0000</pubDate>
				<category><![CDATA[Chinese (中文)]]></category>
		<category><![CDATA[Databases (数据库)]]></category>
		<category><![CDATA[Languages (语言)]]></category>
		<category><![CDATA[MariaDB]]></category>
		<category><![CDATA[MySQL]]></category>
		<category><![CDATA[Personal Website Building (个人网站建设)]]></category>
		<category><![CDATA[PHP]]></category>
		<category><![CDATA[Project (项目)]]></category>
		<category><![CDATA[Relational Databases (SQL) (关系型数据库 )]]></category>
		<category><![CDATA[Website Programs (网页程序)]]></category>
		<guid isPermaLink="false">./../../../../index.html?p=5385</guid>

					<description><![CDATA[步骤一：修改网页文件 wp-config.php1.1 修改使用默认源码安装的 nginx 网页文件的方法 添加以下内容： 1.2 修改使用 CentOS&#38;RHEL yum 默认安装的 nginx 网页的方法 添加以下内容： 步骤二：在图形浏览器上输入以下网址 &#60;网站的网址&#62;/wp-admin/maint/repair.php 步骤三：根据网页提示修复数据库 （步骤略）]]></description>
										<content:encoded><![CDATA[
<h4>步骤一：修改网页文件 wp-config.php<br>1.1 修改使用默认源码安装的 nginx 网页文件的方法</h4>



<pre class="wp-block-code"><code># vim /usr/local/nginx/html/wp-config.php</code></pre>



<p>添加以下内容：</p>



<pre class="wp-block-code"><code>......
define('WP_ALLOW_REPAIR', true);
?&gt;</code></pre>



<h4>1.2 修改使用 CentOS&amp;RHEL yum 默认安装的 nginx 网页的方法</h4>



<pre class="wp-block-code"><code># vim /usr/share/nginx/html/wp-config.php</code></pre>



<p>添加以下内容：</p>



<pre class="wp-block-code"><code>......
define('WP_ALLOW_REPAIR', true);
?&gt;</code></pre>



<h4>步骤二：在图形浏览器上输入以下网址</h4>



<p>&lt;网站的网址&gt;/wp-admin/maint/repair.php</p>



<h4>步骤三：根据网页提示修复数据库</h4>



<p>（步骤略）</p>
]]></content:encoded>
					
		
		
			</item>
		<item>
		<title>[排错] WordPress 解决更新版本或者上传文件时报错 “需要 FTP 登陆凭据”</title>
		<link>./../../../../ftp-debug/index.html</link>
		
		<dc:creator><![CDATA[Mingyu Zhu]]></dc:creator>
		<pubDate>Fri, 18 Jan 2019 11:24:14 +0000</pubDate>
				<category><![CDATA[Chinese (中文)]]></category>
		<category><![CDATA[Personal Website Building (个人网站建设)]]></category>
		<category><![CDATA[Project (项目)]]></category>
		<category><![CDATA[Website Programs (网页程序)]]></category>
		<category><![CDATA[WordPress]]></category>
		<guid isPermaLink="false">./../../../../index.html?p=1396</guid>

					<description><![CDATA[错误代码： 需要 FTP 登陆凭据 解决方法： 步骤一：在网页文件 wp-config.php 文件的末尾添加目录参数 添加以下内容： 步骤二：刷新网页 （步骤略）]]></description>
										<content:encoded><![CDATA[
<h2>错误代码：</h2>



<p>需要 FTP 登陆凭据</p>



<h2>解决方法：</h2>



<h4>步骤一：在网页文件 wp-config.php 文件的末尾添加目录参数</h4>



<pre class="wp-block-code"><code># vim /usr/local/nginx/html/wp-config.php</code></pre>



<p>添加以下内容：</p>



<pre class="wp-block-code"><code>define("FS_CHMOD_DIR", 0755);
define("FS_CHMOD_FILE", 0755);
?&gt;</code></pre>



<h4>步骤二：刷新网页</h4>



<p>（步骤略）</p>
]]></content:encoded>
					
		
		
			</item>
	</channel>
</rss>
