<?xml version="1.0" encoding="UTF-8"?><rss version="2.0"
	xmlns:content="http://purl.org/rss/1.0/modules/content/"
	xmlns:wfw="http://wellformedweb.org/CommentAPI/"
	xmlns:dc="http://purl.org/dc/elements/1.1/"
	xmlns:atom="http://www.w3.org/2005/Atom"
	xmlns:sy="http://purl.org/rss/1.0/modules/syndication/"
	xmlns:slash="http://purl.org/rss/1.0/modules/slash/"
	>

<channel>
	<title>Basic Guidelines for Website building (网站建设基础指南) &#8211; Eternal Center</title>
	<atom:link href="./index.html" rel="self" type="application/rss+xml" />
	<link>./../../../../../index.html</link>
	<description></description>
	<lastBuildDate>Sun, 26 Dec 2021 08:36:48 +0000</lastBuildDate>
	<language>en-US</language>
	<sy:updatePeriod>
	hourly	</sy:updatePeriod>
	<sy:updateFrequency>
	1	</sy:updateFrequency>
	
	<item>
		<title>[步骤] Linux SSL 证书的生成 （Let&#8217;s Encrypt certbot 版）</title>
		<link>./../../../../../ssl-lets-encrypt-certbot/index.html</link>
		
		<dc:creator><![CDATA[Mingyu Zhu]]></dc:creator>
		<pubDate>Sun, 19 Dec 2021 15:12:46 +0000</pubDate>
				<category><![CDATA[Apache]]></category>
		<category><![CDATA[Basic Guidelines for Website building (网站建设基础指南)]]></category>
		<category><![CDATA[Chinese (中文)]]></category>
		<category><![CDATA[Django Service (服务)]]></category>
		<category><![CDATA[Nginx]]></category>
		<category><![CDATA[Nginx Security (安全)]]></category>
		<category><![CDATA[Personal Website Building (个人网站建设)]]></category>
		<category><![CDATA[Project (项目)]]></category>
		<category><![CDATA[Services (服务)]]></category>
		<category><![CDATA[System (系统)]]></category>
		<category><![CDATA[System Network & System Security & System Log (系统网络 & 系统安全 & 系统日志)]]></category>
		<category><![CDATA[System Port Security (系统端口安全)]]></category>
		<category><![CDATA[System Security (系统安全)]]></category>
		<category><![CDATA[Website Services (网站服务)]]></category>
		<guid isPermaLink="false">./../../../../../index.html?p=19886</guid>

					<description><![CDATA[步骤目录： 步骤一：将要申请 Let&#8217;s Encrypt SSL 的域名解析到要进行操作的服务器 IP 地址上 步骤二：安装 certbot 步骤三：使用 certbot 生成 Let&#8217;s Encrypt SSL 证书 步骤四：查看已经生成的 Let&#8217;s Encrypt SSL 证书 步骤五：延期 Let&#8217;s Encrypt SSL 证书5.1 查看 Let&#8217;s Encrypt SSL 证书的延期策略5.2 手动延期 Let&#8217;s Encrypt SSL 证书5.3 自动延期 Let&#8217;s Encrypt SSL 证书 步骤六：Let’s Encrypt SSL 证书的生成限制 具体的操作步骤： 步骤一：将要申请 Let&#8217;s Encrypt SSL 的域名解析到要进行操作的服务器 IP 地址上 （步骤略） &#8230; <p class="link-more"><a href="./../../../../../ssl-lets-encrypt-certbot/index.html" class="more-link">Continue reading<span class="screen-reader-text"> "[步骤] Linux SSL 证书的生成 （Let&#8217;s Encrypt certbot 版）"</span></a></p>]]></description>
										<content:encoded><![CDATA[
<h2>步骤目录：</h2>



<h4>步骤一：将要申请 Let&#8217;s Encrypt SSL 的域名解析到要进行操作的服务器 IP 地址上</h4>



<h4>步骤二：安装 certbot</h4>



<h4>步骤三：使用 certbot 生成 Let&#8217;s Encrypt SSL 证书</h4>



<h4>步骤四：查看已经生成的 Let&#8217;s Encrypt SSL 证书</h4>



<h4>步骤五：延期 Let&#8217;s Encrypt SSL 证书<br>5.1 查看 Let&#8217;s Encrypt SSL 证书的延期策略<br>5.2 手动延期 Let&#8217;s Encrypt SSL 证书<br>5.3 自动延期 Let&#8217;s Encrypt SSL 证书</h4>



<h4>步骤六：Let’s Encrypt SSL 证书的生成限制</h4>



<h2>具体的操作步骤：</h2>



<h4>步骤一：将要申请 Let&#8217;s Encrypt SSL 的域名解析到要进行操作的服务器 IP 地址上</h4>



<p>（步骤略）</p>



<h4>步骤二：安装 certbot</h4>



<pre class="wp-block-code"><code># yum -y install certbot</code></pre>



<p>（补充：这里以在 Fedora 35 上安装 certbot 为例）</p>



<h4>步骤三：使用 certbot 生成 Let&#8217;s Encrypt SSL 证书</h4>



<pre class="wp-block-code"><code># certbot certonly --email mingyu.zhu@eternalcenter.com -n --agree-tos --webroot -w /usr/share/nginx/html/ -d eternalcenter.com
Saving debug log to /var/log/letsencrypt/letsencrypt.log
Plugins selected: Authenticator webroot, Installer None
Requesting a certificate for eternalcenter.com
Performing the following challenges:
http-01 challenge for eternalcenter.com
Using the webroot path /usr/share/nginx/html for all unmatched domains.
Waiting for verification...
Cleaning up challenges

IMPORTANT NOTES:
 - Congratulations! Your certificate and chain have been saved at:
   /etc/letsencrypt/live/eternalcenter.com/fullchain.pem
   Your key file has been saved at:
   /etc/letsencrypt/live/eternalcenter.com/privkey.pem
   Your certificate will expire on 2022-03-20. To obtain a new or
   tweaked version of this certificate in the future, simply run
   certbot again. To non-interactively renew *all* of your
   certificates, run "certbot renew"
 - If you like Certbot, please consider supporting our work by:

   Donating to ISRG / Let's Encrypt:   https://letsencrypt.org/donate
   Donating to EFF:                    https://eff.org/donate-le</code></pre>



<p>（<br>补充：这里以<br>1) 使用 mingyu.zhu@eternalcenter.com 邮箱<br>2) 以非交互式的方式<br>3) 通过给 /usr/share/nginx/html/ 网站目录里添加验证文件进行验证<br>4) 给 eternalcenter.com 域名<br>申请 Let&#8217;s Encrypt SSL 证书为例<br>）</p>



<h4>步骤四：查看已经生成的 Let&#8217;s Encrypt SSL 证书</h4>



<pre class="wp-block-code"><code># certbot certificates
Saving debug log to /var/log/letsencrypt/letsencrypt.log

- - - - - - - - - - - - - - - - - - - - - - - - - - - - - - - - - - - - - - - -
Found the following certs:
  Certificate Name: eternalcenter.com
    Serial Number: 3e8cdb74a1abfbf3d535ec1c3f8cb3e4e4c
    Key Type: RSA
    Domains: eternalcenter.com
    Expiry Date: 2022-03-20 13:48:48+00:00 (VALID: 89 days)
    Certificate Path: /etc/letsencrypt/live/eternalcenter.com/fullchain.pem
    Private Key Path: /etc/letsencrypt/live/eternalcenter.com/privkey.pem
- - - - - - - - - - - - - - - - - - - - - - - - - - - - - - - - - - - - - - - -
</code></pre>



<p>（<br>补充：<br>1) /etc/letsencrypt/live/eternalcenter.com/fullchain.pem 是公钥<br>2) /etc/letsencrypt/live/eternalcenter.com/privkey.pem 是私钥<br>）</p>



<h4>步骤五：延期 Let&#8217;s Encrypt SSL 证书<br>5.1 查看 Let&#8217;s Encrypt SSL 证书的延期策略</h4>



<pre class="wp-block-code"><code># cat /etc/letsencrypt/renewal/eternalcenter.com.conf 
# renew_before_expiry = 30 days
version = 1.20.0
archive_dir = /etc/letsencrypt/archive/eternalcenter.com
cert = /etc/letsencrypt/live/eternalcenter.com/cert.pem
privkey = /etc/letsencrypt/live/eternalcenter.com/privkey.pem
chain = /etc/letsencrypt/live/eternalcenter.com/chain.pem
fullchain = /etc/letsencrypt/live/eternalcenter.com/fullchain.pem</code></pre>



<p>（补充：可以看出 Let&#8217;s Encrypt SSL 证书是在过期前 30 天才能更新）</p>



<h4>5.2 手动延期 Let&#8217;s Encrypt SSL 证书</h4>



<pre class="wp-block-code"><code># /usr/bin/certbot renew</code></pre>



<p>（补充：这里以延期 Let&#8217;s Encrypt SSL 证书为例）</p>



<h4>5.3 自动延期 Let&#8217;s Encrypt SSL 证书</h4>



<pre class="wp-block-code"><code># crontab -e</code></pre>



<p>添加以下内容：</p>



<pre class="wp-block-code"><code>......
0 0 */30 * * /usr/bin/certbot renew</code></pre>



<p>（补充：这里以每过 30 天的 0 时 0 分延期 Let&#8217;s Encrypt SSL 证书为例）</p>



<h4>步骤六：Let’s Encrypt SSL 证书的生成限制</h4>



<p>1) 一个域名申请次数不能超过 5 次/周<br>2) 允许申请失败次数不能超过 5 次/时<br>3) 属于同一个顶级域名的二级域名申请次数不能超过 20 次/周<br>4) 申请请求频率不能超过 20 次/秒<br>5) 一个 IP 地址创建用户个数不能超过 10 个/3 小时<br>6) 一个用户最多 pending 审核的数不能超过 300 个</p>
]]></content:encoded>
					
		
		
			</item>
		<item>
		<title>[命令] Linux SSL 证书的生成 （openssl 版）</title>
		<link>./../../../../../ssl-openssl/index.html</link>
		
		<dc:creator><![CDATA[Mingyu Zhu]]></dc:creator>
		<pubDate>Tue, 20 Apr 2021 07:50:42 +0000</pubDate>
				<category><![CDATA[Apache]]></category>
		<category><![CDATA[Basic Guidelines for Website building (网站建设基础指南)]]></category>
		<category><![CDATA[Chinese (中文)]]></category>
		<category><![CDATA[Django Service (服务)]]></category>
		<category><![CDATA[Nginx]]></category>
		<category><![CDATA[Nginx Security (安全)]]></category>
		<category><![CDATA[Personal Website Building (个人网站建设)]]></category>
		<category><![CDATA[Project (项目)]]></category>
		<category><![CDATA[Services (服务)]]></category>
		<category><![CDATA[System (系统)]]></category>
		<category><![CDATA[System Network & System Security & System Log (系统网络 & 系统安全 & 系统日志)]]></category>
		<category><![CDATA[System Port Security (系统端口安全)]]></category>
		<category><![CDATA[System Security (系统安全)]]></category>
		<category><![CDATA[Website Services (网站服务)]]></category>
		<guid isPermaLink="false">./../../../../../index.html?p=14032</guid>

					<description><![CDATA[内容一：生成 SSL 证书1.1 交互式生成 SSL 证书 （补充：这里以同时生成长度 4096 位，加密格式为 512 的私钥 eternalcenter.com.key 和公钥 eternalcenter.com.csr 为例） 1.2 非交互式生成 SSL 证书 （补充：这里以同时生成1) 长度为 4096 位2) 加密格式为 5123) 国家为 CN4) 州或省为 Sichuan5) 城市为 Chengdu6) 组织为 Eternal Center7) 部门为 Mingyu Zhu8) 域名为 eternalcenter.com9) 邮箱地址为 contact@mingyuzhu.com的私钥 eternalcenter.com.key 和公钥 eternalcenter.com.csr 为例） 内容二：测试 SSL 证书]]></description>
										<content:encoded><![CDATA[
<h4>内容一：生成 SSL 证书<br>1.1 交互式生成 SSL 证书</h4>



<pre class="wp-block-code"><code># openssl req -nodes -newkey rsa:4096 -sha512 -keyout eternalcenter.com.key -out eternalcenter.com.csr</code></pre>



<p>（补充：这里以同时生成长度 4096 位，加密格式为 512 的私钥 eternalcenter.com.key 和公钥 eternalcenter.com.csr 为例）</p>



<h4>1.2 非交互式生成 SSL 证书</h4>



<pre class="wp-block-code"><code># openssl req -nodes -newkey rsa:4096 -sha512 -out eternalcenter.com.csr -keyout eternalcenter.com.key -subj "/C=CN/ST=Sichuan/L=Chengdu/O=Eternal Center/OU=Mingyu Zhu/CN=eternalcenter.com/emailAddress=contact@mingyuzhu.com"</code></pre>



<p>（<br>补充：这里以同时生成<br>1) 长度为 4096 位<br>2) 加密格式为 512<br>3) 国家为 CN<br>4) 州或省为 Sichuan<br>5) 城市为 Chengdu<br>6) 组织为 Eternal Center<br>7) 部门为 Mingyu Zhu<br>8) 域名为 eternalcenter.com<br>9) 邮箱地址为 contact@mingyuzhu.com<br>的私钥 eternalcenter.com.key 和公钥 eternalcenter.com.csr 为例<br>）</p>



<h4>内容二：测试 SSL 证书</h4>



<pre class="wp-block-code"><code># openssl req -in eternalcenter.com.csr -noout -text</code></pre>
]]></content:encoded>
					
		
		
			</item>
	</channel>
</rss>
