<?xml version="1.0" encoding="UTF-8"?><rss version="2.0"
	xmlns:content="http://purl.org/rss/1.0/modules/content/"
	xmlns:wfw="http://wellformedweb.org/CommentAPI/"
	xmlns:dc="http://purl.org/dc/elements/1.1/"
	xmlns:atom="http://www.w3.org/2005/Atom"
	xmlns:sy="http://purl.org/rss/1.0/modules/syndication/"
	xmlns:slash="http://purl.org/rss/1.0/modules/slash/"
	>

<channel>
	<title>Eternal Center</title>
	<atom:link href="./index.html" rel="self" type="application/rss+xml" />
	<link>./../index.html</link>
	<description></description>
	<lastBuildDate>Fri, 28 Jan 2022 13:09:47 +0000</lastBuildDate>
	<language>en-US</language>
	<sy:updatePeriod>
	hourly	</sy:updatePeriod>
	<sy:updateFrequency>
	1	</sy:updateFrequency>
	
	<item>
		<title>[内容] Linux 官方软件包单独下载</title>
		<link>./../separate-software-package/index.html</link>
		
		<dc:creator><![CDATA[Mingyu Zhu]]></dc:creator>
		<pubDate>Fri, 28 Jan 2022 13:08:43 +0000</pubDate>
				<category><![CDATA[Chinese (中文)]]></category>
		<category><![CDATA[System (系统)]]></category>
		<category><![CDATA[System Operation & System Setting & System Software (系统操作 & 系统设置 & 系统软件)]]></category>
		<category><![CDATA[System Software (系统软件)]]></category>
		<guid isPermaLink="false">./../index.html?p=21419</guid>

					<description><![CDATA[openSUSE 官方软件包单独下载网址 https://software.opensuse.org]]>/</description>
										<content:encoded><![CDATA[
<p>openSUSE 官方软件包单独下载网址</p>



<p>https://software.opensuse.org/</p>
]]></content:encoded>
					
		
		
			</item>
		<item>
		<title>[命令] CentOS Linux &#038; RHEL 命令 yum （管理软件和软件库）</title>
		<link>./../yum/index.html</link>
		
		<dc:creator><![CDATA[Mingyu Zhu]]></dc:creator>
		<pubDate>Wed, 26 Jan 2022 15:03:57 +0000</pubDate>
				<category><![CDATA[Chinese (中文)]]></category>
		<category><![CDATA[System (系统)]]></category>
		<category><![CDATA[System Operation & System Setting & System Software (系统操作 & 系统设置 & 系统软件)]]></category>
		<category><![CDATA[System Software (系统软件)]]></category>
		<guid isPermaLink="false">./../index.html?p=21413</guid>

					<description><![CDATA[内容一：缓存管理1.1 清除所有缓存 1.2 保存所有缓存 内容二：软件库管理 刷新所有软件库 内容三：软件包管理3.1 查看所有软件包 3.2 查看某一个软件包 3.3 显示某一个软件包的信息 3.4 安装某一个软件包3.4.1 非交互式安装某一个软件包 或者： 3.4.2 交互式安装某一个软件包 3.5 删除某一个软件包3.5.1 非交互式删除某一个软件包 或者： 3.5.2 交互式删除某一个软件包 3.6 升级某一个软件包3.6.1 非交互式升级某一个软件包 或者： 3.6.2 交互式升级某一个软件包 3.7 升级所有软件包3.7.1 非交互式升级所有软件包 或者： 3.7.1 交互式升级所有软件包]]></description>
										<content:encoded><![CDATA[
<h4 id="内容一-缓存管理1-1-清除所有缓存">内容一：缓存管理<br>1.1 清除所有缓存</h4>



<pre class="wp-block-code"><code># yum clean all</code></pre>



<h4 id="1-2-保存所有缓存">1.2 保存所有缓存</h4>



<pre class="wp-block-code"><code># yum makecache</code></pre>



<h4 id="内容二-软件库管理">内容二：软件库管理</h4>



<p>刷新所有软件库</p>



<pre class="wp-block-code"><code># yum repolist </code></pre>



<h4 id="内容三-软件包管理3-1-查看所有软件包">内容三：软件包管理<br>3.1 查看所有软件包</h4>



<pre class="wp-block-code"><code># yum list all</code></pre>



<h4 id="3-2-查看某一个软件包">3.2 查看某一个软件包</h4>



<pre class="wp-block-code"><code># yum list all | grep &lt;software package&gt;</code></pre>



<h4 id="3-3-显示某一个软件包的信息">3.3 显示某一个软件包的信息</h4>



<pre class="wp-block-code"><code># yum info | grep &lt;software package&gt;</code></pre>



<h4 id="3-4-安装某一个软件包3-4-1-非交互式安装某一个软件包">3.4 安装某一个软件包<br>3.4.1 非交互式安装某一个软件包</h4>



<pre class="wp-block-code"><code># yum -y install &lt;software package&gt;</code></pre>



<p>或者：</p>



<pre class="wp-block-code"><code># yum install &lt;software package&gt; -y</code></pre>



<h4 id="3-4-2-交互式安装某一个软件包">3.4.2 交互式安装某一个软件包</h4>



<pre class="wp-block-code"><code># yum install &lt;software package&gt;</code></pre>



<h4 id="3-5-删除某一个软件包3-5-1-非交互式删除某一个软件包">3.5 删除某一个软件包<br>3.5.1 非交互式删除某一个软件包</h4>



<pre class="wp-block-code"><code># yum -y remove &lt;software package&gt;</code></pre>



<p>或者：</p>



<pre class="wp-block-code"><code># yum remove &lt;software package&gt; -y</code></pre>



<h4 id="3-5-2-交互式删除某一个软件包">3.5.2 交互式删除某一个软件包</h4>



<pre class="wp-block-code"><code># yum remove &lt;software package&gt;</code></pre>



<h4 id="3-6-升级某一个软件包3-6-1-非交互式升级某一个软件包">3.6 升级某一个软件包<br>3.6.1 非交互式升级某一个软件包</h4>



<pre class="wp-block-code"><code># yum -y update &lt;software package&gt;</code></pre>



<p>或者：</p>



<pre class="wp-block-code"><code># yum update &lt;software package&gt; -y</code></pre>



<h4 id="3-6-2-交互式升级某一个软件包">3.6.2 交互式升级某一个软件包</h4>



<pre class="wp-block-code"><code># yum update &lt;software package&gt;</code></pre>



<h4 id="3-7-升级所有软件包3-7-1-非交互式升级所有软件包">3.7 升级所有软件包<br>3.7.1 非交互式升级所有软件包</h4>



<pre class="wp-block-code"><code># yum -y update</code></pre>



<p>或者：</p>



<pre class="wp-block-code"><code># yum update -y</code></pre>



<h4 id="3-7-1-交互式升级所有软件包">3.7.1 交互式升级所有软件包</h4>



<pre class="wp-block-code"><code># yum update</code></pre>
]]></content:encoded>
					
		
		
			</item>
		<item>
		<title>[步骤] SFTP 日志的开启</title>
		<link>./../sftp-security/index.html</link>
		
		<dc:creator><![CDATA[Mingyu Zhu]]></dc:creator>
		<pubDate>Wed, 26 Jan 2022 14:34:34 +0000</pubDate>
				<category><![CDATA[Chinese (中文)]]></category>
		<category><![CDATA[Services (服务)]]></category>
		<category><![CDATA[SFTP]]></category>
		<category><![CDATA[Storage Services (存储服务)]]></category>
		<guid isPermaLink="false">./../index.html?p=21410</guid>

					<description><![CDATA[如果是 RHEL &#38; CentOS Linux，将以下内容： 修改为： 如果是 openSUSE &#38; SLE， 将以下内容： 修改为：]]></description>
										<content:encoded><![CDATA[
<pre class="wp-block-code"><code># vim /etc/sshd/sshd_config</code></pre>



<p>如果是 RHEL &amp; CentOS Linux，将以下内容：</p>



<pre class="wp-block-code"><code>......
Subsystem       sftp    /usr/libexec/openssh/sftp-server
......</code></pre>



<p>修改为：</p>



<pre class="wp-block-code"><code>......
Subsystem       sftp    /usr/libexec/openssh/sftp-server -l INFO
......</code></pre>



<p>如果是 openSUSE &amp; SLE， 将以下内容：</p>



<pre class="wp-block-code"><code>......
Subsystem       sftp    /usr/lib/ssh/sftp-server
......</code></pre>



<p>修改为：</p>



<pre class="wp-block-code"><code>......
Subsystem       sftp    /usr/lib/ssh/sftp-server -l INFO
......</code></pre>
]]></content:encoded>
					
		
		
			</item>
		<item>
		<title>[工具] Shell 批量比较服务器两次进程</title>
		<link>./../shell-process-compare/index.html</link>
		
		<dc:creator><![CDATA[Mingyu Zhu]]></dc:creator>
		<pubDate>Thu, 20 Jan 2022 13:38:56 +0000</pubDate>
				<category><![CDATA[Chinese (中文)]]></category>
		<category><![CDATA[Languages (语言)]]></category>
		<category><![CDATA[Shell]]></category>
		<category><![CDATA[Shell Monitor (监控)]]></category>
		<category><![CDATA[Shell Tool (工具)]]></category>
		<category><![CDATA[System (系统)]]></category>
		<category><![CDATA[System Process (系统进程)]]></category>
		<category><![CDATA[System Process & System Performance (系统进程 & 系统性能)]]></category>
		<guid isPermaLink="false">./../index.html?p=21341</guid>

					<description><![CDATA[介绍： 作者：朱明宇名称：批量比较服务器两次进程作用：批量比较服务器两次进程 使用方法：1. 服务器清单 $server_list 每一台服务器占用一行2. 在此脚本的分割线内写入相应的内容，并和此脚本放在同一目录下3. 给此脚本添加执行权限4. 执行此脚本5. 此脚本执行完成后，会将运行结果写入当前目录下的 $compare_file 里 脚本分割线里的变量：server_list=server_list.txt #服务器清单first_time=first_time #存储第一次检结果的目录second_time=second_time #存储第二次检查结果的目录compare_file=comparison_results.txt #存储比较结果的文件 注意：此脚本执行前必须要先保证执行本脚本的用户能无密码 ssh 远程这些远程服务器 脚本：]]></description>
										<content:encoded><![CDATA[
<h2>介绍：</h2>



<p>作者：朱明宇<br>名称：批量比较服务器两次进程<br>作用：批量比较服务器两次进程</p>



<p>使用方法：<br>1. 服务器清单 $server_list 每一台服务器占用一行<br>2. 在此脚本的分割线内写入相应的内容，并和此脚本放在同一目录下<br>3. 给此脚本添加执行权限<br>4. 执行此脚本<br>5. 此脚本执行完成后，会将运行结果写入当前目录下的 $compare_file 里</p>



<p>脚本分割线里的变量：<br>server_list=server_list.txt #服务器清单<br>first_time=first_time #存储第一次检结果的目录<br>second_time=second_time #存储第二次检查结果的目录<br>compare_file=comparison_results.txt #存储比较结果的文件</p>



<p>注意：<br>此脚本执行前必须要先保证执行本脚本的用户能无密码 ssh 远程这些远程服务器</p>



<h2>脚本：</h2>



<pre class="wp-block-code"><code>#!/bin/bash

####################### Separator ########################

server_list=server_list.txt
first_time=first_time
second_time=second_time
compare_file=comparison_results.txt

####################### Separator ########################

mkdir $first_time &amp;&gt; /dev/null
mkdir $second_time &amp;&gt; /dev/null
echo &gt; $compare_file

read -p "Please input first second or compare now: " choice

check(){
        for server_name in `cat $1`
        do
                ssh -t $server_name "ps -A" | awk '{print $4}' &gt; $2/$server_name
        done
}

compare(){
        for server_name in `cat $1`
        do
                echo $server_name &gt;&gt; $4
                for process in `cat $2/$server_name`
                        do
                        grep $process $3/$server_name &amp;&gt; /dev/null
                        if &#91; $? -ne 0 ];then
                                echo $process &gt;&gt; $4
                        fi
                done
                echo &gt;&gt; $4
        done
}

if &#91; $choice == first ];then
        check $server_list $first_time
fi

if &#91; $choice == second ];then
        check $server_list $second_time
fi

if &#91; $choice == compare ];then
        compare $server_list $first_time $second_time $compare_file
fi</code></pre>
]]></content:encoded>
					
		
		
			</item>
		<item>
		<title>[STEP] Redhat Satellite client register</title>
		<link>./../step-redhat-satellite-client-register/index.html</link>
		
		<dc:creator><![CDATA[Mingyu Zhu]]></dc:creator>
		<pubDate>Tue, 18 Jan 2022 14:41:36 +0000</pubDate>
				<category><![CDATA[English (英文)]]></category>
		<category><![CDATA[Other Services (其他服务)]]></category>
		<category><![CDATA[Red Hat Satellite]]></category>
		<category><![CDATA[Services (服务)]]></category>
		<guid isPermaLink="false">./../index.html?p=21287</guid>

					<description><![CDATA[Step One: Add domain name resolution into /etc/hosts Add the following: Step Two: Install katello-ca-consumer-latest.noarch.rpm2.1 Download katello-ca-consumer-latest.noarch.rpm 2.2 Install katello-ca-consumer-latest.noarch.rpm Step Three: Register to Redhat Satellite Server Step Four: Install katello-host-tools, katello-host-tools-tracer and katello-agent4.1 Enable rhel-*-satellite-tools-*-rpms repo or satellite-tools-*-rhel-*-rpms4.1.1 For RHEL 7 4.1.2 For RHEL 8 4.2 Install katello-host-tools, katello-host-tools-tracer and katello-agent Step Five: Check5.1 &#8230; <p class="link-more"><a href="./../step-redhat-satellite-client-register/index.html" class="more-link">Continue reading<span class="screen-reader-text"> "[STEP] Redhat Satellite client register"</span></a></p>]]></description>
										<content:encoded><![CDATA[
<h4>Step One: Add domain name resolution into /etc/hosts</h4>



<pre class="wp-block-code"><code># vim /etc/hosts</code></pre>



<p>Add the following:</p>



<pre class="wp-block-code"><code>......
&lt;Redhat Satellite IP address&gt; &lt;Redhat Satellite Server FQDN&gt;</code></pre>



<h4>Step Two: Install katello-ca-consumer-latest.noarch.rpm<br>2.1 Download katello-ca-consumer-latest.noarch.rpm</h4>



<pre class="wp-block-code"><code># curl --insecure --output katello-ca-consumer-latest.noarch.rpm https://&lt;Redhat/ Satellite Server FQDN&gt;/pub/katello-ca-consumer-latest.noarch.rpm</code></pre>



<h4>2.2 Install katello-ca-consumer-latest.noarch.rpm</h4>



<pre class="wp-block-code"><code># yum -y localinstall katello-ca-consumer-latest.noarch.rpm</code></pre>



<h4>Step Three: Register to Redhat Satellite Server</h4>



<pre class="wp-block-code"><code># subscription-manager register --org="&lt;organization&gt;" --activationkey="&lt;activation key&gt;"</code></pre>



<h4>Step Four: Install katello-host-tools, katello-host-tools-tracer and katello-agent<br>4.1 Enable rhel-*-satellite-tools-*-rpms repo or satellite-tools-*-rhel-*-rpms<br>4.1.1 For RHEL 7</h4>



<pre class="wp-block-code"><code># subscription-manager repos --enable=rhel-\*-satellite-tools-\*-rpms</code></pre>



<h4>4.1.2 For RHEL 8</h4>



<pre class="wp-block-code"><code># subscription-manager repos --enable=satellite-tools-\*-rhel-\*-rpms
# subscription-manager repos --disable=satellite-tools-\*-rhel-\*-eus-rpms</code></pre>



<h4>4.2 Install katello-host-tools, katello-host-tools-tracer and katello-agent</h4>



<pre class="wp-block-code"><code># yum -y install katello-host-tools; yum -y install katello-host-tools-tracer; yum -y install katello-agent</code></pre>



<h4>Step Five: Check<br>5.1 Check registration information</h4>



<pre class="wp-block-code"><code># subscription-manager identity</code></pre>



<h4>5.2 Check license</h4>



<pre class="wp-block-code"><code># subscription-manager list --consumed</code></pre>
]]></content:encoded>
					
		
		
			</item>
		<item>
		<title>[步骤] Red Hat Satellite Server 客户端注册的取消</title>
		<link>./../red-hat-satellite-server-client-unregister/index.html</link>
		
		<dc:creator><![CDATA[Mingyu Zhu]]></dc:creator>
		<pubDate>Tue, 18 Jan 2022 13:54:51 +0000</pubDate>
				<category><![CDATA[Chinese (中文)]]></category>
		<category><![CDATA[Other Services (其他服务)]]></category>
		<category><![CDATA[Red Hat Satellite]]></category>
		<category><![CDATA[Services (服务)]]></category>
		<guid isPermaLink="false">./../index.html?p=21280</guid>

					<description><![CDATA[步骤一：取消 Red Hat Satellite Server 客户端的注册 步骤二：清理 Red Hat Satellite Server 客户端的注册信息]]></description>
										<content:encoded><![CDATA[
<h4>步骤一：取消 Red Hat Satellite Server 客户端的注册</h4>



<pre class="wp-block-code"><code># subscription-manager unregister</code></pre>



<h4>步骤二：清理 Red Hat Satellite Server 客户端的注册信息 </h4>



<pre class="wp-block-code"><code># subscription-manager clean</code></pre>
]]></content:encoded>
					
		
		
			</item>
		<item>
		<title>盾牌和铠甲</title>
		<link>./../shield-and-armor/index.html</link>
		
		<dc:creator><![CDATA[Mingyu Zhu]]></dc:creator>
		<pubDate>Mon, 17 Jan 2022 15:23:22 +0000</pubDate>
				<category><![CDATA[Chinese (中文)]]></category>
		<category><![CDATA[Poetry (诗歌)]]></category>
		<category><![CDATA[Writings (写作)]]></category>
		<guid isPermaLink="false">./../index.html?p=21250</guid>

					<description><![CDATA[在用经验拼凑的盾牌上扎满了纷乱错综的谎言在用梦想打造的铠甲上布满了恶毒欺诈的伤痕 在战火之中的坚持在孤独尽头的珍视该相信什么是唯一的希望该决定什么是生命绝对不应该如此 梦想之上的梦想逆风而上的飞翔判断之后的判断逆光而向的洞察 过去无意间犯下的错误就算会辗转反侧悔恨终身也绝不会为了内心安稳而放弃的那份善念将会成为人们在这颗星球上最后的盾牌 理想之上的理想不会后悔的牺牲选择之后的选择不会后怕的勇敢 如今必须要去面对的那些邪恶就算会因毫无安全感而变得焦躁不安也绝不会为了内心安稳而抛弃的那份公正将会成为人们在这颗星球上最后的铠甲 稍纵即逝的人生生命的价值从来都不是曾存在于世共同理想的创造人类会因为拥有彼此而变得无所畏惧]]></description>
										<content:encoded><![CDATA[
<p class="has-medium-font-size">在用经验拼凑的盾牌上<br>扎满了纷乱错综的谎言<br>在用梦想打造的铠甲上<br>布满了恶毒欺诈的伤痕</p>



<p class="has-medium-font-size">在战火之中的坚持<br>在孤独尽头的珍视<br>该相信什么是唯一的希望<br>该决定什么是生命绝对不应该如此</p>



<p class="has-medium-font-size">梦想之上的梦想<br>逆风而上的飞翔<br>判断之后的判断<br>逆光而向的洞察</p>



<p class="has-medium-font-size">过去无意间犯下的错误<br>就算会辗转反侧悔恨终身<br>也绝不会为了内心安稳而放弃的那份善念<br>将会成为人们在这颗星球上最后的盾牌</p>



<p class="has-medium-font-size">理想之上的理想<br>不会后悔的牺牲<br>选择之后的选择<br>不会后怕的勇敢</p>



<p class="has-medium-font-size">如今必须要去面对的那些邪恶<br>就算会因毫无安全感而变得焦躁不安<br>也绝不会为了内心安稳而抛弃的那份公正<br>将会成为人们在这颗星球上最后的铠甲</p>



<p class="has-medium-font-size">稍纵即逝的人生<br>生命的价值从来都不是曾存在于世<br>共同理想的创造<br>人类会因为拥有彼此而变得无所畏惧</p>
]]></content:encoded>
					
		
		
			</item>
		<item>
		<title>[步骤] sudo 提权的实现 （sudo 提权的同时可以使用代理） （openSUSE &#038; SLE）</title>
		<link>./../sudo-self-proxy-opensuse-sle/index.html</link>
		
		<dc:creator><![CDATA[Mingyu Zhu]]></dc:creator>
		<pubDate>Sat, 15 Jan 2022 14:47:45 +0000</pubDate>
				<category><![CDATA[Chinese (中文)]]></category>
		<category><![CDATA[System (系统)]]></category>
		<category><![CDATA[System Login Security (系统登录安全)]]></category>
		<category><![CDATA[System Network & System Security & System Log (系统网络 & 系统安全 & 系统日志)]]></category>
		<category><![CDATA[System Operation & System Setting & System Software (系统操作 & 系统设置 & 系统软件)]]></category>
		<category><![CDATA[System Privilege (系统权限)]]></category>
		<category><![CDATA[System Security (系统安全)]]></category>
		<category><![CDATA[System Setting (系统设置)]]></category>
		<category><![CDATA[System User & System Privilege (系统用户 & 系统权限)]]></category>
		<guid isPermaLink="false">./../index.html?p=21217</guid>

					<description><![CDATA[步骤一：给用户添加相应的 sudo 权限 添加以下内容： （补充：这里以给用户 zhumingyu 添加 /usr/bin/mysql 命令为例） 步骤二：设置用户使用自己的密码实现 sudo 提权 在 这一行下面添加： （补充：这里以允许用户在进行 sudo 提权的同时也能使用 http_proxy、https_proxy 为例）]]></description>
										<content:encoded><![CDATA[
<h4>步骤一：给用户添加相应的 sudo 权限</h4>



<pre class="wp-block-code"><code># vim /etc/sudoers</code></pre>



<p>添加以下内容：</p>



<pre class="wp-block-code"><code>……
zhumingyu ALL=(ALL) /usr/bin/mysql</code></pre>



<p>（补充：这里以给用户 zhumingyu 添加 /usr/bin/mysql 命令为例）</p>



<h4>步骤二：设置用户使用自己的密码实现 sudo 提权</h4>



<pre class="wp-block-code"><code># vim /etc/sudoers</code></pre>



<p>在</p>



<pre class="wp-block-code"><code>......
env_reset
......</code></pre>



<p>这一行下面添加：</p>



<pre class="wp-block-code"><code>......
Defaults env_keep += "http_proxy https_proxy"
......</code></pre>



<p>（补充：这里以允许用户在进行 sudo 提权的同时也能使用 http_proxy、https_proxy 为例）</p>
]]></content:encoded>
					
		
		
			</item>
		<item>
		<title>[命令] Linux 命令 iftop （查看系统联通状态）</title>
		<link>./../iftop/index.html</link>
		
		<dc:creator><![CDATA[Mingyu Zhu]]></dc:creator>
		<pubDate>Sat, 15 Jan 2022 14:06:51 +0000</pubDate>
				<category><![CDATA[Chinese (中文)]]></category>
		<category><![CDATA[System (系统)]]></category>
		<category><![CDATA[System Network (系统网络)]]></category>
		<category><![CDATA[System Network & System Security & System Log (系统网络 & 系统安全 & 系统日志)]]></category>
		<category><![CDATA[System Operation (系统操作)]]></category>
		<category><![CDATA[System Operation & System Setting & System Software (系统操作 & 系统设置 & 系统软件)]]></category>
		<guid isPermaLink="false">./../index.html?p=21213</guid>

					<description><![CDATA[（补充：此时会不停地显示系统联通状态，按下 “q” 后退出）]]></description>
										<content:encoded><![CDATA[
<pre class="wp-block-code"><code># iftop</code></pre>



<p>（补充：此时会不停地显示系统联通状态，按下 “q” 后退出）</p>



<pre class="wp-block-code"><code># iftop
interface: eth0
IP address is: 10.10.10.129
IPv6 address is: fdb2:2c26:f4e4:0:5940:b748:da58:4f3
MAC address is: 00:1c:42:c9:3c:81</code></pre>
]]></content:encoded>
					
		
		
			</item>
		<item>
		<title>[命令] Linux 变量替换</title>
		<link>./../variable-replacement/index.html</link>
		
		<dc:creator><![CDATA[Mingyu Zhu]]></dc:creator>
		<pubDate>Sun, 09 Jan 2022 10:53:51 +0000</pubDate>
				<category><![CDATA[Chinese (中文)]]></category>
		<category><![CDATA[Languages (语言)]]></category>
		<category><![CDATA[Shell]]></category>
		<category><![CDATA[Shell Basic (基础)]]></category>
		<category><![CDATA[System (系统)]]></category>
		<category><![CDATA[System Operation (系统操作)]]></category>
		<category><![CDATA[System Operation & System Setting & System Software (系统操作 & 系统设置 & 系统软件)]]></category>
		<guid isPermaLink="false">./../index.html?p=21157</guid>

					<description><![CDATA[内容目录： 案例一：当要替换的变量未定义或为空时则给予其一个默认值 案例二：当要替换的变量已定义且不为空时则给予其一个默认值 案例三：当要替换的变量已定义且不为空时则替换此变量的前一部分3.1 当要替换的变量已定义且不为空时则替换此变量的前一部分3.2 当要替换的变量已定义且不为空时则替换此变量的某一部分 案例四：当要替换的变量已定义且不为空时则替换此变量去除前一部分的值4.1 去除变量左数第一个某一个符号前面的所有值4.2 去除变量左数最后某一个符号前面的所有值4.3 去除前面一部分值 案例五：当要替换的变量已定义且不为空时则替换此变量去除后一部分的值5.1 去除变量右数第一个某一个符号前面的所有值5.2 去除变量右数最后某一个符号前面的所有值5.3 去除后面一部分值 案例六：当要替换的变量已定义且不为空时则替换此变量替换一部分后的值 具体的内容： 案例一：当要替换的变量未定义或为空时则给予其一个默认值 或者： （补充：这里以当变量 value 存在且为空时则变量 newvalue 的值为 eternalcenter 为例） 案例二：当要替换的变量已定义且不为空时则给予其一个默认值 （补充：这里以当变量 value 存在且不为空时则变量 newvalue 的值为 eternalcenter 为例） 案例三：当要替换的变量已定义且不为空时则替换此变量的前一部分3.1 当要替换的变量已定义且不为空时则替换此变量的前一部分 或者： （补充：这里以当变量 value 存在且不为空时则变量 newvalue 的值为变量 value 前 4 个字符为例） 3.2 当要替换的变量已定义且不为空时则替换此变量的某一部分 （补充：这里以当变量 value 存在且不为空时则变量 newvalue 的值为变量 value 从第 4 &#8230; <p class="link-more"><a href="./../variable-replacement/index.html" class="more-link">Continue reading<span class="screen-reader-text"> "[命令] Linux 变量替换"</span></a></p>]]></description>
										<content:encoded><![CDATA[
<h2>内容目录：</h2>



<h4>案例一：当要替换的变量未定义或为空时则给予其一个默认值</h4>



<h4>案例二：当要替换的变量已定义且不为空时则给予其一个默认值</h4>



<h4>案例三：当要替换的变量已定义且不为空时则替换此变量的前一部分<br>3.1 当要替换的变量已定义且不为空时则替换此变量的前一部分<br>3.2 当要替换的变量已定义且不为空时则替换此变量的某一部分</h4>



<h4>案例四：当要替换的变量已定义且不为空时则替换此变量去除前一部分的值<br>4.1 去除变量左数第一个某一个符号前面的所有值<br>4.2 去除变量左数最后某一个符号前面的所有值<br>4.3 去除前面一部分值</h4>



<h4>案例五：当要替换的变量已定义且不为空时则替换此变量去除后一部分的值<br>5.1 去除变量右数第一个某一个符号前面的所有值<br>5.2 去除变量右数最后某一个符号前面的所有值<br>5.3 去除后面一部分值</h4>



<h4>案例六：当要替换的变量已定义且不为空时则替换此变量替换一部分后的值</h4>



<h2>具体的内容：</h2>



<h4>案例一：当要替换的变量未定义或为空时则给予其一个默认值</h4>



<pre class="wp-block-code"><code># value=
# newvalue=${value:-eternalcenter}
# echo $newvalue
eternalcenter</code></pre>



<pre class="wp-block-code"><code># value=mingyuzhu
# newvalue=${value:-eternalcenter}
# echo $newvalue
mingyuzhu</code></pre>



<p>或者：</p>



<pre class="wp-block-code"><code># value=
# newvalue=${value:=eternalcenter}
# echo $newvalue
eternalcenter</code></pre>



<pre class="wp-block-code"><code># value=mingyuzhu
# newvalue=${value:=eternalcenter}
# echo $newvalue
mingyuzhu</code></pre>



<p>（补充：这里以当变量 value 存在且为空时则变量 newvalue 的值为 eternalcenter 为例）</p>



<h4>案例二：当要替换的变量已定义且不为空时则给予其一个默认值</h4>



<pre class="wp-block-code"><code># value=
# newvalue=${value:+eternalcenter}
# echo $newvalue</code></pre>



<pre class="wp-block-code"><code># value=mingyuzhu
# newvalue=${value:+eternalcenter}
# echo $newvalue
eternalcenter</code></pre>



<p>（补充：这里以当变量 value 存在且不为空时则变量 newvalue 的值为 eternalcenter 为例）</p>



<h4>案例三：当要替换的变量已定义且不为空时则替换此变量的前一部分<br>3.1 当要替换的变量已定义且不为空时则替换此变量的前一部分</h4>



<pre class="wp-block-code"><code># value=mingyuzhu
# newvalue=${value:offset:4}
# echo $newvalue
ming</code></pre>



<p>或者：</p>



<pre class="wp-block-code"><code># value=mingyuzhu
# newvalue=${value:0:4}
# echo $newvalue
ming</code></pre>



<p>（补充：这里以当变量 value 存在且不为空时则变量 newvalue 的值为变量 value 前 4 个字符为例）</p>



<h4>3.2 当要替换的变量已定义且不为空时则替换此变量的某一部分</h4>



<pre class="wp-block-code"><code># value=mingyuzhu
# newvalue=${value:4:2}
# echo $newvalue
yu</code></pre>



<p>（补充：这里以当变量 value 存在且不为空时则变量 newvalue 的值为变量 value 从第 4 个字符开始的 2 个字符为例）</p>



<h4>案例四：当要替换的变量已定义且不为空时则替换此变量去除前一部分的值<br>4.1 去除变量左数第一个某一个符号前面的所有值</h4>



<pre class="wp-block-code"><code># value=ming:yu:zhu
# newvalue=${value#*:}
# echo $newvalue
yu:zhu</code></pre>



<p>（补充：这里以去除变量 value 左数第一个冒号 “:” 前面的所有值并赋予给变量 newvalue 为例）</p>



<h4>4.2 去除变量左数最后某一个符号前面的所有值</h4>



<pre class="wp-block-code"><code># value=ming:yu:zhu
# newvalue=${value##*:}
# echo $newvalue
zhu</code></pre>



<p>（补充：这里以去除变量 value 左数最后一个冒号 “:” 前面的所有值并赋予给变量 newvalue 为例）</p>



<h4>4.3 去除前面一部分值</h4>



<pre class="wp-block-code"><code># value=mingyuzhu
# novalue=ming
# newvalue=${value##$novalue}
# echo $newvalue
yuzhu</code></pre>



<p>（补充：这里以去除变量 value 前面的 ming 值并赋予给变量 newvalue 为例）</p>



<h4>案例五：当要替换的变量已定义且不为空时则替换此变量去除后一部分的值<br>5.1 去除变量右数第一个某一个符号前面的所有值</h4>



<pre class="wp-block-code"><code># value=ming:yu:zhu
# newvalue=${value%:*}
# echo $newvalue
ming:yu</code></pre>



<p>（补充：这里以去除变量 value 右数第一个冒号 “:” 前面的所有值并赋予给变量 newvalue 为例）</p>



<h4>5.2 去除变量右数最后某一个符号前面的所有值</h4>



<pre class="wp-block-code"><code># value=ming:yu:zhu
# newvalue=${value%%:*}
# echo $newvalue
ming</code></pre>



<p>（补充：这里以去除变量 value 右数最后一个冒号 “:” 前面的所有并赋予给变量 newvalue 值为例）</p>



<h4>5.3 去除后面一部分值</h4>



<pre class="wp-block-code"><code># value=mingyuzhu
# novalue=ming
# newvalue=${value%%$novalue}
# echo $newvalue
mingyu</code></pre>



<p>（补充：这里以去除变量 value 后面的 zhu 值并赋予给变量 newvalue 为例）</p>



<h4>案例六：当要替换的变量已定义且不为空时则替换此变量替换一部分后的值</h4>



<pre class="wp-block-code"><code># value=mingyuzhu
# noneedvalue=yu
# needvalue=zhu
# newvalue=${value/$noneedvalue/$needvalue}
# echo $newvalue
mingzhuzhu</code></pre>



<p>（补充：这里以将变量 value 中的 yu 替换成 zhu 并赋予给变量 newvalue 为例）</p>
]]></content:encoded>
					
		
		
			</item>
		<item>
		<title>[命令] Linux 命令 (()) （比较数值文件和字符串）</title>
		<link>./../double-parenthese/index.html</link>
		
		<dc:creator><![CDATA[Mingyu Zhu]]></dc:creator>
		<pubDate>Sat, 08 Jan 2022 12:26:42 +0000</pubDate>
				<category><![CDATA[Chinese (中文)]]></category>
		<category><![CDATA[Languages (语言)]]></category>
		<category><![CDATA[Shell]]></category>
		<category><![CDATA[Shell Basic (基础)]]></category>
		<category><![CDATA[System (系统)]]></category>
		<category><![CDATA[System Operation (系统操作)]]></category>
		<category><![CDATA[System Operation & System Setting & System Software (系统操作 & 系统设置 & 系统软件)]]></category>
		<guid isPermaLink="false">./../index.html?p=21153</guid>

					<description><![CDATA[内容一：(()) 比较符号1.1 (()) 数值比较符号 1) ==，若两个数值存在且相等，则结果为真2) !=，若两个数值存在且不相等，则结果为真3) &#62;，若两个数值存在且前一个数值大于后一个数值，则结果为真4) &#60;，若两个数值存在且前一个数值小于后一个数值，则结果为真 5) &#62;=，若两个数值存在且前一个数值大于或等于后一个数值，则结果为真6) &#60;=，若两个数值存在且前一个数值小于或等于后一个数值，则结果为真 1.2 (()) 字符串比较符号 ==，若两个字符串存在且一样，则结果为真 内容二：(()) 的数值比较案例2.1 案例一：对整数进行比较 （补充：这里以测试数字 0 是否不等于数字 1 为例） 2.2 案例二：对字符串进行比较 （补充：这里以测试字符串 a 是否等于字符串 a 为例）]]></description>
										<content:encoded><![CDATA[
<h4>内容一：(()) 比较符号<br>1.1 (()) 数值比较符号</h4>



<p>1) ==，若两个数值存在且相等，则结果为真<br>2) !=，若两个数值存在且不相等，则结果为真<br>3) &gt;，若两个数值存在且前一个数值大于后一个数值，则结果为真<br>4) &lt;，若两个数值存在且前一个数值小于后一个数值，则结果为真 5) &gt;=，若两个数值存在且前一个数值大于或等于后一个数值，则结果为真<br>6) &lt;=，若两个数值存在且前一个数值小于或等于后一个数值，则结果为真</p>



<h4>1.2 (()) 字符串比较符号</h4>



<p>==，若两个字符串存在且一样，则结果为真</p>



<h4>内容二：(()) 的数值比较案例<br>2.1 案例一：对整数进行比较</h4>



<pre class="wp-block-code"><code># (( 0 -ne 1 ))
# echo $?
0</code></pre>



<p>（补充：这里以测试数字 0 是否不等于数字 1 为例）</p>



<h4>2.2 案例二：对字符串进行比较</h4>



<pre class="wp-block-code"><code># (( a == a ))
# echo $?
0</code></pre>



<p>（补充：这里以测试字符串 a 是否等于字符串 a 为例）</p>
]]></content:encoded>
					
		
		
			</item>
		<item>
		<title>[命令] Linux 命令 [[]] （比较数值、文件、目录、链接、块、特殊文件、字符串）</title>
		<link>./../double-square-bracket/index.html</link>
		
		<dc:creator><![CDATA[Mingyu Zhu]]></dc:creator>
		<pubDate>Mon, 03 Jan 2022 14:42:23 +0000</pubDate>
				<category><![CDATA[Chinese (中文)]]></category>
		<category><![CDATA[Languages (语言)]]></category>
		<category><![CDATA[Shell]]></category>
		<category><![CDATA[Shell Basic (基础)]]></category>
		<category><![CDATA[System (系统)]]></category>
		<category><![CDATA[System Operation (系统操作)]]></category>
		<category><![CDATA[System Operation & System Setting & System Software (系统操作 & 系统设置 & 系统软件)]]></category>
		<guid isPermaLink="false">./../index.html?p=21112</guid>

					<description><![CDATA[内容一：[[]] 比较符号1.1 [[]] 数值比较符号 1) -eq 或者 ==，若两个数值存在且相等，则结果为真2) -ne 或者 !=，若两个数值存在且不相等，则结果为真3) -gt 或者 &#62;，若两个数值存在且前一个数值大于后一个数值，则结果为真4) -lt 或者 &#60;，若两个数值存在且前一个数值小于后一个数值，则结果为真5) -ge 或者 &#62;=，若两个数值存在且前一个数值大于或等于后一个数值，则结果为真6) -le 或者 &#60;=，若两个数值存在且前一个数值小于或等于后一个数值，则结果为真 1.2 [[]] 字符串比较符号 1) -z，如果字符串为空值，则结果为真2) -n，如果字符串不为空值，则结果为真3) == 或者 =，若两个字符串存在且一样，则结果为真4) !=，若两个字符串存在且不一样，则结果为真5) &#62;，若两个字符串存在且前一个字符串大于后一个字符串（按数字顺序或字母数顺序进行比较，越靠后的值越大），则结果为真6) &#60;，若两个字符串存在且前一个字符串小于后一个字符串（按数字顺序或字母数顺序进行比较，越靠后的值越大），则结果为真 1.3 [[]] 文件、目录、链接、块、特殊文件比较符号 1) -e，若文件或目录或链接存在，则结果为真2) -d，若目录存在，则结果为真3) -f，若文件存在，则结果为真4) -L，若链接存在，则结果为真5) -b，若块文件存在，则结果为真6) -c，若字符型特殊文件存在，则结果为真7) -s，若文件存在且里面有内容，则结果为真8) -r，若文件且可读，则结果为真9) -w，若文件且可写，则结果为真10) -x，若文件且可执行，则结果为真11) -nt，若两个文件存在且前一个文件比后一个文件新，则结果为真12) -ot，若两个文件存在且前一个文件比后一个文件新，则结果为真 1.4 [[]] 逻辑符号 1) &#8230; <p class="link-more"><a href="./../double-square-bracket/index.html" class="more-link">Continue reading<span class="screen-reader-text"> "[命令] Linux 命令 [[]] （比较数值、文件、目录、链接、块、特殊文件、字符串）"</span></a></p>]]></description>
										<content:encoded><![CDATA[
<h4>内容一：[[]] 比较符号<br>1.1 [[]] 数值比较符号</h4>



<p>1) -eq 或者 ==，若两个数值存在且相等，则结果为真<br>2) -ne 或者 !=，若两个数值存在且不相等，则结果为真<br>3) -gt 或者 &gt;，若两个数值存在且前一个数值大于后一个数值，则结果为真<br>4) -lt 或者 &lt;，若两个数值存在且前一个数值小于后一个数值，则结果为真<br>5) -ge 或者 &gt;=，若两个数值存在且前一个数值大于或等于后一个数值，则结果为真<br>6) -le 或者 &lt;=，若两个数值存在且前一个数值小于或等于后一个数值，则结果为真</p>



<h4>1.2 [[]] 字符串比较符号</h4>



<p>1) -z，如果字符串为空值，则结果为真<br>2) -n，如果字符串不为空值，则结果为真<br>3) == 或者 =，若两个字符串存在且一样，则结果为真<br>4) !=，若两个字符串存在且不一样，则结果为真<br>5) &gt;，若两个字符串存在且前一个字符串大于后一个字符串（按数字顺序或字母数顺序进行比较，越靠后的值越大），则结果为真<br>6) &lt;，若两个字符串存在且前一个字符串小于后一个字符串（按数字顺序或字母数顺序进行比较，越靠后的值越大），则结果为真</p>



<h4>1.3 [[]] 文件、目录、链接、块、特殊文件比较符号</h4>



<p>1) -e，若文件或目录或链接存在，则结果为真<br>2) -d，若目录存在，则结果为真<br>3) -f，若文件存在，则结果为真<br>4) -L，若链接存在，则结果为真<br>5) -b，若块文件存在，则结果为真<br>6) -c，若字符型特殊文件存在，则结果为真<br>7) -s，若文件存在且里面有内容，则结果为真<br>8) -r，若文件且可读，则结果为真<br>9) -w，若文件且可写，则结果为真<br>10) -x，若文件且可执行，则结果为真<br>11) -nt，若两个文件存在且前一个文件比后一个文件新，则结果为真<br>12) -ot，若两个文件存在且前一个文件比后一个文件新，则结果为真</p>



<h4>1.4 [[]] 逻辑符号</h4>



<p>1) &amp;&amp;，和<br>2) ||，或<br>3) !，非</p>



<h4>1.5 [[]] 运算符号</h4>



<p>1) +，若两个数值存在，则相加<br>2) -，若两个数值存在，则相减<br>3) *，若两个数值存在，则相乘<br>4) /，若两个数值存在，则相除<br>5) %，若两个数值存在，则取余</p>



<h4>1.6 [[]] 其他符号</h4>



<p>1) =~，两个字符串或数值存在且后一个字符串或数值匹配正则表达式后一样，则结果为真<br>2) [0-9] 等所有 Linux 正则表达式<br>3) * 等所有 Linux 通配符</p>



<h4>内容二：[[]] 的数值比较案例<br>2.1 案例一：对整数进行比较</h4>



<pre class="wp-block-code"><code># &#91;&#91; 0 -ne 1 ]]
# echo $?
0</code></pre>



<p>（补充：这里以测试数字 0 是否不等于数字 1 为例）</p>



<h4>2.2 案例二：对字符串进行比较</h4>



<pre class="wp-block-code"><code># &#91;&#91; a == a ]]
# echo $?
0</code></pre>



<p>（补充：这里以测试字符串 a 是否等于字符串 a 为例）</p>



<h4>2.3 案例三：对文件进行比较</h4>



<pre class="wp-block-code"><code># &#91;&#91; -f test.txt ]]
# echo $?
0</code></pre>



<p>（补充：这里以测试文件 test.txt 是否存在为例）</p>



<h4>2.4 案例四：对变量进行比较</h4>



<pre class="wp-block-code"><code># a=1
# &#91;&#91; $a == 1 ]]
# echo $?
0</code></pre>



<p>（补充：这里以测试变量 a 是否等于数字 1 为例）</p>



<h4>2.5 案例五：对数值运算后进行比较</h4>



<pre class="wp-block-code"><code># a=2
# b=3
# c=5
# &#91;&#91; $a+$b -eq $c ]]
# echo $?
0</code></pre>



<p>（补充：这里以测试变量 a 加变量 b 是否等于变量 c 为例）</p>



<p>（注意： [[]] 数值运算后需要使用 -eq、-ne、-gt、-lt、-ge、-le 进行比较而不是使用 ==、!=、&gt;、&lt;、&gt;=、&lt;=）</p>



<h4>2.6 案例六：使用逻辑符号对多个变量进行比较</h4>



<pre class="wp-block-code"><code># a=eternalcenter
# b=eternalcenter
# c=eternalcentre
# &#91;&#91; $a == $b &amp;&amp; $b != $c ]]
# echo $?
# 0</code></pre>



<p>（补充：这里以测试变量 a 是否等于变量 b 且变量 b 是否不等于变量 c 为例）</p>



<h4>2.7 案例七：使用通配符对字符串进行比较</h4>



<pre class="wp-block-code"><code># &#91;&#91; eternalcenter = eternalcen??? ]]
# echo $?
# 0</code></pre>



<p>或者：</p>



<pre class="wp-block-code"><code># &#91;&#91; eternalcenter = e*r ]]
# echo $?
# 0</code></pre>



<p>（补充：这里以测试字符串 eternalcenter 是否等于字符串加通配符 eternalcen??? 或字符串加通配符 e*r 为例）</p>



<h4>2.8 案例八：使用正则表达式对字符串进行比较</h4>



<pre class="wp-block-code"><code># &#91;&#91; 10 =~ &#91;0-9]{2} ]]
# echo $?
# 0</code></pre>



<p>（补充：这里以测试数字 10 是否是每位数是 0 到 9 的两位数为例）</p>
]]></content:encoded>
					
		
		
			</item>
		<item>
		<title>[步骤] Linux 本地和 ssh 输错密码次数的限制 （pam_faillock 版） （CentOS Linux 8 &#038; RHEL 8 版）</title>
		<link>./../local-ssh-login-attempt-pam_faillock-centos-linux-8-rhel-8/index.html</link>
		
		<dc:creator><![CDATA[Mingyu Zhu]]></dc:creator>
		<pubDate>Sun, 02 Jan 2022 08:34:31 +0000</pubDate>
				<category><![CDATA[Chinese (中文)]]></category>
		<category><![CDATA[System (系统)]]></category>
		<category><![CDATA[System Login Security (系统登录安全)]]></category>
		<category><![CDATA[System Network & System Security & System Log (系统网络 & 系统安全 & 系统日志)]]></category>
		<category><![CDATA[System Operation & System Setting & System Software (系统操作 & 系统设置 & 系统软件)]]></category>
		<category><![CDATA[System Security (系统安全)]]></category>
		<category><![CDATA[System Setting (系统设置)]]></category>
		<guid isPermaLink="false">./../index.html?p=21068</guid>

					<description><![CDATA[步骤目录： 步骤一：背景了解 步骤二：设置 ssh 的登录限制2.1 在 sshd 中开启 UsePAM2.1.1 修改 sshd 配置文件2.1.2 让 sshd 的配置生效2.2 确保 /etc/pam.d/login 包含 password-auth2.3 添加 pam_faillock 模块 步骤三：远程登录密码输错次数的用户管理3.1 查看某个用户近期输错了几次密码3.2 重制所有远程登录密码输错次数 具体的操作步骤： 步骤一：背景了解 从 CentOS Linux 8 &#38; RHEL 8 开始，系统的身份验证模块从 CentOS Linux 7 &#38; RHEL 7 的 pam_tally2 换成了 pam_faillock 步骤二：设置 ssh 的登录限制2.1 在 sshd 中开启 UsePAM2.1.1 修改 sshd 配置文件 &#8230; <p class="link-more"><a href="./../local-ssh-login-attempt-pam_faillock-centos-linux-8-rhel-8/index.html" class="more-link">Continue reading<span class="screen-reader-text"> "[步骤] Linux 本地和 ssh 输错密码次数的限制 （pam_faillock 版） （CentOS Linux 8 &#038; RHEL 8 版）"</span></a></p>]]></description>
										<content:encoded><![CDATA[
<h2>步骤目录：</h2>



<h4>步骤一：背景了解</h4>



<h4>步骤二：设置 ssh 的登录限制<br>2.1 在 sshd 中开启 UsePAM<br>2.1.1 修改 sshd 配置文件<br>2.1.2 让 sshd 的配置生效<br>2.2 确保 /etc/pam.d/login 包含 password-auth<br>2.3 添加 pam_faillock 模块</h4>



<h4>步骤三：远程登录密码输错次数的用户管理<br>3.1 查看某个用户近期输错了几次密码<br>3.2 重制所有远程登录密码输错次数</h4>



<h2>具体的操作步骤：</h2>



<h4>步骤一：背景了解</h4>



<p>从 CentOS Linux 8 &amp; RHEL 8 开始，系统的身份验证模块从 CentOS Linux 7 &amp; RHEL 7 的 pam_tally2 换成了 pam_faillock</p>



<h4>步骤二：设置 ssh 的登录限制<br>2.1 在 sshd 中开启 UsePAM<br>2.1.1 修改 sshd 配置文件</h4>



<pre class="wp-block-code"><code># vim /etc/ssh/sshd_config</code></pre>



<p>将以下内容：</p>



<pre class="wp-block-code"><code>......
#UsePAM no
......</code></pre>



<p>修改为：</p>



<pre class="wp-block-code"><code>......
UsePAM yes
......</code></pre>



<h4>2.1.2 让 sshd 的配置生效</h4>



<pre class="wp-block-code"><code># systemctl restart sshd</code></pre>



<h4>2.2 确保 /etc/pam.d/login 包含 password-auth</h4>



<pre class="wp-block-code"><code># cat /etc/pam.d/login | grep password-auth
auth       substack     password-auth
account    include      password-auth
password   include      password-auth
session    include      password-auth</code></pre>



<p>（注意：如果输出结果中不包含这 4 条内容则需要手动添加）</p>



<h4>2.3 添加 pam_faillock 模块</h4>



<pre class="wp-block-code"><code># vim /etc/pam.d/password-auth</code></pre>



<p>在</p>



<pre class="wp-block-code"><code>......
auth required pam_env.so
......</code></pre>



<p>这一行下面添加：</p>



<pre class="wp-block-code"><code>......
auth  required  pam_faillock.so preauth silent audit even_deny_root deny=6 unlock_time=180
......</code></pre>



<p>在</p>



<pre class="wp-block-code"><code>auth sufficient pam_unix.so try_first_pass nullok</code></pre>



<p>这一行下面添加：</p>



<pre class="wp-block-code"><code>......
auth  &#91;default=die] pam_faillock.so authfail audit even_deny_root deny=6 unlock_time=180
......</code></pre>



<p>在</p>



<pre class="wp-block-code"><code>account required pam_unix.so</code></pre>



<p>这一行下面添加：</p>



<pre class="wp-block-code"><code>......
account required pam_faillock.so
......</code></pre>



<p>（补充：这里以包括 root 用户每使用密码 ssh 远程登录失败 6 次则被锁定 180 秒为例）</p>



<h4>步骤三：远程登录密码输错次数的用户管理<br>3.1 查看某个用户近期输错了几次密码</h4>



<pre class="wp-block-code"><code># faillock --user root</code></pre>



<p>（补充：这里以查看 root 用户近期输错了几次密码为例）</p>



<h4>3.2 重制所有远程登录密码输错次数</h4>



<pre class="wp-block-code"><code># faillock --reset</code></pre>
]]></content:encoded>
					
		
		
			</item>
		<item>
		<title>[消息] Rocky Linux 和 AlmaLinux 可以用于代替 CentOS Linux</title>
		<link>./../rocky-linux-and-almalinux-os-can-be-used-instead-of-centos-linux/index.html</link>
		
		<dc:creator><![CDATA[Mingyu Zhu]]></dc:creator>
		<pubDate>Sat, 01 Jan 2022 15:56:13 +0000</pubDate>
				<category><![CDATA[Chinese (中文)]]></category>
		<category><![CDATA[News (消息)]]></category>
		<guid isPermaLink="false">./../index.html?p=20915</guid>

					<description><![CDATA[今天，我们可以用 Rocky Linux 和 AlmaLinux OS 替代 CentOS Linux。 今天 CentOS 团队正式停止了对 CentOS Linux 8 的维护。并将自己的方向放在了 CentOS Stream 上。CentOS Stream 是一个 Red Hat 商业 Linux 系统 RHEL 的前置测试版。这是 Red Hat 正式收购 CentOS 以后第一次对 CentOS 项目作出的重大决策，同时也彻底改变了 CentOS 项目的初衷。未来全世界运行在 CentOS 系统上的众多服务（业务）将面临更多的不确定性。 生命不死，自由不息。在开源的大环境和领域，一个项目最初的美好初衷发生了改变，就会诞生新的项目继承并发扬这些初衷。Rocky Linux 和 AlmaLinux OS 就是 CentOS 最初初衷的继承者。 Rocky Linux 由 CentOS 创始人 Gregory Kurtzer，在发现 CentOS &#8230; <p class="link-more"><a href="./../rocky-linux-and-almalinux-os-can-be-used-instead-of-centos-linux/index.html" class="more-link">Continue reading<span class="screen-reader-text"> "[消息] Rocky Linux 和 AlmaLinux 可以用于代替 CentOS Linux"</span></a></p>]]></description>
										<content:encoded><![CDATA[
<p class="has-medium-font-size">今天，我们可以用 Rocky Linux 和 AlmaLinux OS 替代 CentOS Linux。</p>



<p class="has-medium-font-size">今天 CentOS 团队正式停止了对 CentOS Linux 8 的维护。并将自己的方向放在了 CentOS Stream 上。CentOS Stream 是一个 Red Hat 商业 Linux 系统 RHEL 的前置测试版。这是 Red Hat 正式收购 CentOS 以后第一次对 CentOS 项目作出的重大决策，同时也彻底改变了 CentOS 项目的初衷。未来全世界运行在 CentOS 系统上的众多服务（业务）将面临更多的不确定性。</p>



<p class="has-medium-font-size">生命不死，自由不息。在开源的大环境和领域，一个项目最初的美好初衷发生了改变，就会诞生新的项目继承并发扬这些初衷。Rocky Linux 和 AlmaLinux OS 就是 CentOS 最初初衷的继承者。</p>



<p class="has-medium-font-size">Rocky Linux 由 CentOS 创始人 Gregory Kurtzer，在发现 CentOS 项目的初衷发生变化后创建。</p>



<p class="has-medium-font-size">AlmaLinux OS 诞生的目的，是为了弥补 CentOS Linux 稳定版停产后留下的空白，其是 RHEL 的 1:1 二进制兼容分支。</p>
]]></content:encoded>
					
		
		
			</item>
		<item>
		<title>[步骤] Linux 本地和 ssh 输错密码次数的限制 （pam_faillock 版） （authselect 版） （CentOS Linux 8 &#038; RHEL 8 版）</title>
		<link>./../ssh-attempt-pam_faillock-authselect-centos-linux-8-rhel-8/index.html</link>
		
		<dc:creator><![CDATA[Mingyu Zhu]]></dc:creator>
		<pubDate>Sat, 01 Jan 2022 14:04:37 +0000</pubDate>
				<category><![CDATA[Chinese (中文)]]></category>
		<category><![CDATA[System (系统)]]></category>
		<category><![CDATA[System Login Security (系统登录安全)]]></category>
		<category><![CDATA[System Network & System Security & System Log (系统网络 & 系统安全 & 系统日志)]]></category>
		<category><![CDATA[System Security (系统安全)]]></category>
		<category><![CDATA[System User (系统用户)]]></category>
		<category><![CDATA[System User & System Privilege (系统用户 & 系统权限)]]></category>
		<guid isPermaLink="false">./../index.html?p=20768</guid>

					<description><![CDATA[步骤目录： 步骤一：背景了解 步骤二：设置 ssh 的登录限制2.1 在 sshd 中开启 UsePAM2.1.1 修改 sshd 配置文件2.1.2 让 sshd 的配置生效2.2 确保 /etc/pam.d/sshd 包含 password-auth 步骤三：检查是否选择了 authselect 自定义认证 步骤四：配置认证4.1 如果 authselect 自定义认证存在4.1.1 修改 system-auth 文件4.1.2 修改 password-auth 文件4.2 如果 authselect 自定义认证不存在4.2.1 修改 system-auth 文件4.2.2 修改 password-auth 文件 步骤五：让配置的认证生效 步骤六：远程登录密码输错次数的用户管理6.1 查看某个用户近期输错了几次密码6.2 重制所有远程登录密码输错次数 补充：生成 authselect 自定义认证的方法 具体的操作步骤： 步骤一：背景了解 从 CentOS Linux 8 &#38; &#8230; <p class="link-more"><a href="./../ssh-attempt-pam_faillock-authselect-centos-linux-8-rhel-8/index.html" class="more-link">Continue reading<span class="screen-reader-text"> "[步骤] Linux 本地和 ssh 输错密码次数的限制 （pam_faillock 版） （authselect 版） （CentOS Linux 8 &#038; RHEL 8 版）"</span></a></p>]]></description>
										<content:encoded><![CDATA[
<h2>步骤目录：</h2>



<h4>步骤一：背景了解</h4>



<h4>步骤二：设置 ssh 的登录限制<br>2.1 在 sshd 中开启 UsePAM<br>2.1.1 修改 sshd 配置文件<br>2.1.2 让 sshd 的配置生效<br>2.2 确保 /etc/pam.d/sshd 包含 password-auth</h4>



<h4>步骤三：检查是否选择了  authselect  自定义认证</h4>



<h4>步骤四：配置认证<br>4.1 如果  authselect  自定义认证存在<br>4.1.1 修改 system-auth 文件<br>4.1.2 修改 password-auth 文件<br>4.2 如果  authselect  自定义认证不存在<br>4.2.1 修改 system-auth 文件<br>4.2.2 修改 password-auth 文件</h4>



<h4>步骤五：让配置的认证生效</h4>



<h4>步骤六：远程登录密码输错次数的用户管理<br>6.1 查看某个用户近期输错了几次密码<br>6.2 重制所有远程登录密码输错次数</h4>



<h4>补充：生成  authselect  自定义认证的方法</h4>



<h2>具体的操作步骤：</h2>



<h4>步骤一：背景了解</h4>



<p>从 CentOS Linux 8 &amp; RHEL 8 开始，系统的身份验证模块从 CentOS Linux 7 &amp; RHEL 7 的 pam_tally2 换成了 pam_faillock</p>



<h4>步骤二：设置 ssh 的登录限制<br>2.1 在 sshd 中开启 UsePAM<br>2.1.1 修改 sshd 配置文件</h4>



<pre class="wp-block-code"><code># vim /etc/ssh/sshd_config</code></pre>



<p>将以下内容：</p>



<pre class="wp-block-code"><code>......
#UsePAM no
......</code></pre>



<p>修改为：</p>



<pre class="wp-block-code"><code>......
UsePAM yes
......</code></pre>



<h4>2.1.2 让 sshd 的配置生效</h4>



<pre class="wp-block-code"><code># systemctl restart sshd</code></pre>



<h4>2.2 确保 /etc/pam.d/sshd 包含 password-auth</h4>



<pre class="wp-block-code"><code># cat /etc/pam.d/sshd | grep password-auth
auth       substack     password-auth
account    include      password-auth
password   include      password-auth
session    include      password-auth</code></pre>



<p>（注意：如果输出结果中不包含这 4 条内容则需要手动添加）</p>



<h4>步骤三：检查是否选择了  authselect  自定义认证</h4>



<pre class="wp-block-code"><code># authselect current | awk 'NR == 1 {print $3}' | grep custom/
custom/password-policy</code></pre>



<p>（<br>补充：<br>（1）如果这条命令里没有输出则代表没有选择自定义认证<br>（2）从这里的输出结果可以看出这里选择的自定义认证是 custom/password-policy<br>）</p>



<h4>步骤四：配置认证<br>4.1 如果  authselect  自定义认证存在<br>4.1.1 修改 system-auth 文件</h4>



<pre class="wp-block-code"><code># vim /etc/authselect/custom/password-policy/system-auth</code></pre>



<p>将以下内容：</p>



<pre class="wp-block-code"><code>......
auth        required                                     pam_faillock.so preauth silent                               {include if "with-faillock"}
......
auth        required                                     pam_faillock.so authfail                               {include if "with-faillock"}
......</code></pre>



<p>修改为：</p>



<pre class="wp-block-code"><code>......
auth        required                                     pam_faillock.so preauth silent audit even_deny_root deny=6 unlock_time=180                               {include if "with-faillock"}
......
auth        required                                     pam_faillock.so authfail audit even_deny_root deny=6 unlock_time=180                               {include if "with-faillock"}
......</code></pre>



<p>（补充：这里以包括 root 用户每使用密码 ssh 远程登录失败 6 次则被锁定 180 秒为例）</p>



<h4> 4.1.2 修改 password-auth 文件 </h4>



<pre class="wp-block-code"><code># vim /etc/authselect/custom/password-policy/password-auth</code></pre>



<p>将以下内容：</p>



<pre class="wp-block-code"><code>......
auth        required                                     pam_faillock.so preauth silent                               {include if "with-faillock"}
......
auth        required                                     pam_faillock.so authfail                               {include if "with-faillock"}
......

修改为：
......
auth        required                                     pam_faillock.so preauth silent audit even_deny_root deny=6 unlock_time=180                               {include if "with-faillock"}
......
auth        required                                     pam_faillock.so authfail audit even_deny_root deny=6 unlock_time=180                               {include if "with-faillock"}
......</code></pre>



<p>（补充：这里以包括 root 用户每使用密码 ssh 远程登录失败 6 次则被锁定 180 秒为例）</p>



<h4>4.2 如果  authselect  自定义认证不存在<br>4.2.1 修改 system-auth 文件</h4>



<pre class="wp-block-code"><code># vim /etc/authselect/system-auth</code></pre>



<p>将以下内容：</p>



<pre class="wp-block-code"><code>......
auth        required                                     pam_faillock.so preauth silent                               {include if "with-faillock"}
......
auth        required                                     pam_faillock.so authfail                               {include if "with-faillock"}
......</code></pre>



<p>修改为：</p>



<pre class="wp-block-code"><code>......
auth        required                                     pam_faillock.so preauth silent audit even_deny_root deny=6 unlock_time=180                               {include if "with-faillock"}
......
auth        required                                     pam_faillock.so authfail audit even_deny_root deny=6 unlock_time=180                               {include if "with-faillock"}
......</code></pre>



<p>（补充：这里以包括 root 用户每使用密码 ssh 远程登录失败 6 次则被锁定 180 秒为例）</p>



<h4>4.2.2 修改 password-auth 文件</h4>



<pre class="wp-block-code"><code># vim /etc/authselect/password-auth</code></pre>



<p>将以下内容：</p>



<pre class="wp-block-code"><code>......
auth        required                                     pam_faillock.so preauth silent                               {include if "with-faillock"}
......
auth        required                                     pam_faillock.so authfail                               {include if "with-faillock"}
......</code></pre>



<p>修改为：</p>



<pre class="wp-block-code"><code>......
auth        required                                     pam_faillock.so preauth silent audit even_deny_root deny=6 unlock_time=180                               {include if "with-faillock"}
......
auth        required                                     pam_faillock.so authfail audit even_deny_root deny=6 unlock_time=180                               {include if "with-faillock"}
......</code></pre>



<p>（补充：这里以包括 root 用户每使用密码 ssh 远程登录失败 6 次则被锁定 180 秒为例）</p>



<h4>步骤五：让配置的认证生效</h4>



<pre class="wp-block-code"><code># authselect apply-changes</code></pre>



<h4>步骤六：远程登录密码输错次数的用户管理<br>6.1 查看某个用户近期输错了几次密码</h4>



<pre class="wp-block-code"><code># faillock --user root</code></pre>



<p>（补充：这里以查看 root 用户近期输错了几次密码为例）</p>



<h4>6.2 重制所有远程登录密码输错次数</h4>



<pre class="wp-block-code"><code># faillock --reset</code></pre>



<h4>补充：生成  authselect  自定义认证的方法</h4>



<pre class="wp-block-code"><code># authselect apply-changes -b --backup=sssd.backup
# authselect create-profile password-policy -b sssd --symlink-meta --symlink-pam
# authselect select custom/password-policy with-sudo with-faillock without-nullok with-mkhomedir
# authselect current</code></pre>



<p>（补充：这里以生成并选择名为 password-policy 的自定义认证为例）</p>
]]></content:encoded>
					
		
		
			</item>
		<item>
		<title>[步骤] GitHub 代码的更新 （令牌版）</title>
		<link>./../github-push-token/index.html</link>
		
		<dc:creator><![CDATA[Mingyu Zhu]]></dc:creator>
		<pubDate>Sat, 01 Jan 2022 13:33:23 +0000</pubDate>
				<category><![CDATA[Chinese (中文)]]></category>
		<category><![CDATA[Git]]></category>
		<category><![CDATA[Other Services (其他服务)]]></category>
		<category><![CDATA[Services (服务)]]></category>
		<guid isPermaLink="false">./../index.html?p=20763</guid>

					<description><![CDATA[步骤目录： 步骤一：在 GitHub 官网上生成令牌1.1 在 https://github.com/ 上登录或注册 GitHub 用户1.2 在 GitHub 上创建仓库1.3 在 GitHub 官网上生成令牌1.4 复制生成的令牌 步骤二：更新 GitHub 代码2.1 进入有代码需要更新的目录2.2 初始化 Git 环境2.3 添加需要更新的代码2.4 提交刚刚的添加2.5 创建或选择代码库的分支2.6 添加 GitHub 源2.7 通过令牌设置 GitHub 源2.8 将代码更新至 GitHub 具体的操作步骤： 步骤一：在 GitHub 官网上生成令牌1.1 在 https://github.com/ 上登录或注册 GitHub 用户 （步骤略） 1.2 在 GitHub 上创建仓库 右上角 + &#8211;&#62; New repository &#8211;&#62; 填写 &#8230; <p class="link-more"><a href="./../github-push-token/index.html" class="more-link">Continue reading<span class="screen-reader-text"> "[步骤] GitHub 代码的更新 （令牌版）"</span></a></p>]]></description>
										<content:encoded><![CDATA[
<h2>步骤目录：</h2>



<h4>步骤一：在 GitHub 官网上生成令牌<br>1.1 在 https://github.com/ 上登录或注册 GitHub 用户<br>1.2 在 GitHub 上创建仓库<br>1.3 在 GitHub 官网上生成令牌<br>1.4 复制生成的令牌</h4>



<h4>步骤二：更新 GitHub 代码<br>2.1 进入有代码需要更新的目录<br>2.2 初始化 Git 环境<br>2.3 添加需要更新的代码<br>2.4 提交刚刚的添加<br>2.5 创建或选择代码库的分支<br>2.6 添加 GitHub 源<br>2.7 通过令牌设置 GitHub 源<br>2.8 将代码更新至 GitHub</h4>



<h2>具体的操作步骤：</h2>



<h4>步骤一：在 GitHub 官网上生成令牌<br>1.1 在 https://github.com/ 上登录或注册 GitHub 用户</h4>



<p>（步骤略）</p>



<h4>1.2 在 GitHub 上创建仓库</h4>



<p>右上角 + &#8211;&gt; New repository &#8211;&gt; 填写 Repository name &#8211;&gt; 勾选 Public &#8211;&gt; Create repository</p>



<p>（注意：只有当要使用的仓库还没有创建时才需要进行此步骤）</p>



<h4>1.3 在 GitHub 官网上生成令牌</h4>



<p>右上角的头像 &#8211;&gt; Settings &#8211;&gt; Developer settings &#8211;&gt; Personal access tokens &#8211;&gt; Generate new token &#8211;&gt; 勾选需要的 scopes &#8211;&gt; Generate token</p>



<h4>1.4 复制生成的令牌</h4>



<p>（步骤略）</p>



<h4>步骤二：更新 GitHub 代码<br>2.1 进入有代码需要更新的目录</h4>



<pre class="wp-block-code"><code># cd github</code></pre>



<p>（补充：这里以进入 github 目录为例）</p>



<h4>2.2 初始化 Git 环境</h4>



<pre class="wp-block-code"><code># git init</code></pre>



<h4>2.3 添加需要更新的代码</h4>



<pre class="wp-block-code"><code># git add *</code></pre>



<p>（补充：这里以添加当前目录下的所有文件为例）</p>



<h4>2.4 提交刚刚的添加</h4>



<pre class="wp-block-code"><code># git commit -m "last commit"</code></pre>



<p>（补充：这里以提交时添加 “last commit” 备注为例）</p>



<h4>2.5 创建或选择代码库的分支</h4>



<pre class="wp-block-code"><code># git branch -M main</code></pre>



<p>（补充：这里以创建或选择库里的 main 分支为例）</p>



<h4>2.6 添加 GitHub 源</h4>



<pre class="wp-block-code"><code># git remote add origin git@github.com:eternalcenter-now/eternalcenter-now.github.io.git</code></pre>



<p>（补充：这里以添加 GitHub 的 eternalcenter-now 用户的 eternalcenter-now.github.io.git 库为例）</p>



<p>（注意：这里的 eternalcenter-now 用户和 eternalcenter-now.github.io.git 库是指在 1.1、1.2 上创建的用户和库）</p>



<h4>2.7 通过令牌设置 GitHub 源</h4>



<pre class="wp-block-code"><code># git remote set-url origin https://gafafhp_Nfaodfwiixma8hPpds4e6asdflim@github.com/eternalcenter-now/eternalcenter-now.github.io.git</code></pre>



<p>（补充：这里以使用 GitHub 的 gafafhp_Nfaodfwiixma8hPpds4e6asdflim 令牌、eternalcenter-now 用户的 eternalcenter-now.github.io.git 库为例）</p>



<p>（注意：这里的 eternalcenter-now 用户、eternalcenter-now.github.io.git 库和 gafafhp_Nfaodfwiixma8hPpds4e6asdflim 令牌是指在 1.1、1.2、1.3 上创建的用户、库和生成的令牌）</p>



<h4>2.8 将代码更新至 GitHub</h4>



<pre class="wp-block-code"><code># git push -u origin main</code></pre>



<p>（补充：这里以将代码更新至 main 分支为例）</p>
]]></content:encoded>
					
		
		
			</item>
		<item>
		<title>WordPress 值得使用的主题和插件</title>
		<link>./../wordpress-theme-plugins/index.html</link>
		
		<dc:creator><![CDATA[Mingyu Zhu]]></dc:creator>
		<pubDate>Mon, 27 Dec 2021 14:26:53 +0000</pubDate>
				<category><![CDATA[Articles (文章)]]></category>
		<category><![CDATA[Chinese (中文)]]></category>
		<category><![CDATA[Information Technology (IT) Articles (信息技术类文章)]]></category>
		<category><![CDATA[Languages (语言)]]></category>
		<category><![CDATA[Personal Website Building (个人网站建设)]]></category>
		<category><![CDATA[PHP]]></category>
		<category><![CDATA[Project (项目)]]></category>
		<category><![CDATA[Website Programs (网页程序)]]></category>
		<category><![CDATA[Writings (写作)]]></category>
		<guid isPermaLink="false">./../index.html?p=20391</guid>

					<description><![CDATA[主题 Twenty Seventeen Twenty Seventeen 是一个开源的 WordPress 主题，非常适合目录较多的网站，首页能够巧妙地将图片和文字结合在一起。 插件 All In One WP Security All In One WP Security 是一个开源的 WordPress 安全插件，比较全面地对 WordPress 进行安全加强，安装了这个插件以后，基本上就不需要再安装其他安全插件。 Easy WP SMTP Easy WP SMTP 是一个开源的 WordPress 邮件插件，可以实现 WordPress 通过 SMTP 发送邮件。 Simply Static Simply Static 是一个开源的 WordPress 动态网站转静态网站插件，可以将动态网站转换成静态网站。]]></description>
										<content:encoded><![CDATA[
<h2>主题</h2>



<h2 class="has-normal-font-size">Twenty Seventeen</h2>



<p>Twenty Seventeen 是一个开源的 WordPress 主题，非常适合目录较多的网站，首页能够巧妙地将图片和文字结合在一起。</p>



<h2>插件</h2>



<h2 class="has-normal-font-size">All In One WP Security</h2>



<p>All In One WP Security 是一个开源的 WordPress 安全插件，比较全面地对 WordPress 进行安全加强，安装了这个插件以后，基本上就不需要再安装其他安全插件。</p>



<h2 class="has-normal-font-size">Easy WP SMTP</h2>



<p>Easy WP SMTP 是一个开源的 WordPress 邮件插件，可以实现 WordPress 通过 SMTP 发送邮件。</p>



<h2 class="has-normal-font-size">Simply Static</h2>



<p>Simply Static 是一个开源的 WordPress 动态网站转静态网站插件，可以将动态网站转换成静态网站。</p>
]]></content:encoded>
					
		
		
			</item>
		<item>
		<title>[步骤] Linux SSL 证书的生成 （Let&#8217;s Encrypt certbot 版）</title>
		<link>./../ssl-lets-encrypt-certbot/index.html</link>
		
		<dc:creator><![CDATA[Mingyu Zhu]]></dc:creator>
		<pubDate>Sun, 19 Dec 2021 15:12:46 +0000</pubDate>
				<category><![CDATA[Apache]]></category>
		<category><![CDATA[Basic Guidelines for Website building (网站建设基础指南)]]></category>
		<category><![CDATA[Chinese (中文)]]></category>
		<category><![CDATA[Django Service (服务)]]></category>
		<category><![CDATA[Nginx]]></category>
		<category><![CDATA[Nginx Security (安全)]]></category>
		<category><![CDATA[Personal Website Building (个人网站建设)]]></category>
		<category><![CDATA[Project (项目)]]></category>
		<category><![CDATA[Services (服务)]]></category>
		<category><![CDATA[System (系统)]]></category>
		<category><![CDATA[System Network & System Security & System Log (系统网络 & 系统安全 & 系统日志)]]></category>
		<category><![CDATA[System Port Security (系统端口安全)]]></category>
		<category><![CDATA[System Security (系统安全)]]></category>
		<category><![CDATA[Website Services (网站服务)]]></category>
		<guid isPermaLink="false">./../index.html?p=19886</guid>

					<description><![CDATA[步骤目录： 步骤一：将要申请 Let&#8217;s Encrypt SSL 的域名解析到要进行操作的服务器 IP 地址上 步骤二：安装 certbot 步骤三：使用 certbot 生成 Let&#8217;s Encrypt SSL 证书 步骤四：查看已经生成的 Let&#8217;s Encrypt SSL 证书 步骤五：延期 Let&#8217;s Encrypt SSL 证书5.1 查看 Let&#8217;s Encrypt SSL 证书的延期策略5.2 手动延期 Let&#8217;s Encrypt SSL 证书5.3 自动延期 Let&#8217;s Encrypt SSL 证书 步骤六：Let’s Encrypt SSL 证书的生成限制 具体的操作步骤： 步骤一：将要申请 Let&#8217;s Encrypt SSL 的域名解析到要进行操作的服务器 IP 地址上 （步骤略） &#8230; <p class="link-more"><a href="./../ssl-lets-encrypt-certbot/index.html" class="more-link">Continue reading<span class="screen-reader-text"> "[步骤] Linux SSL 证书的生成 （Let&#8217;s Encrypt certbot 版）"</span></a></p>]]></description>
										<content:encoded><![CDATA[
<h2>步骤目录：</h2>



<h4>步骤一：将要申请 Let&#8217;s Encrypt SSL 的域名解析到要进行操作的服务器 IP 地址上</h4>



<h4>步骤二：安装 certbot</h4>



<h4>步骤三：使用 certbot 生成 Let&#8217;s Encrypt SSL 证书</h4>



<h4>步骤四：查看已经生成的 Let&#8217;s Encrypt SSL 证书</h4>



<h4>步骤五：延期 Let&#8217;s Encrypt SSL 证书<br>5.1 查看 Let&#8217;s Encrypt SSL 证书的延期策略<br>5.2 手动延期 Let&#8217;s Encrypt SSL 证书<br>5.3 自动延期 Let&#8217;s Encrypt SSL 证书</h4>



<h4>步骤六：Let’s Encrypt SSL 证书的生成限制</h4>



<h2>具体的操作步骤：</h2>



<h4>步骤一：将要申请 Let&#8217;s Encrypt SSL 的域名解析到要进行操作的服务器 IP 地址上</h4>



<p>（步骤略）</p>



<h4>步骤二：安装 certbot</h4>



<pre class="wp-block-code"><code># yum -y install certbot</code></pre>



<p>（补充：这里以在 Fedora 35 上安装 certbot 为例）</p>



<h4>步骤三：使用 certbot 生成 Let&#8217;s Encrypt SSL 证书</h4>



<pre class="wp-block-code"><code># certbot certonly --email mingyu.zhu@eternalcenter.com -n --agree-tos --webroot -w /usr/share/nginx/html/ -d eternalcenter.com
Saving debug log to /var/log/letsencrypt/letsencrypt.log
Plugins selected: Authenticator webroot, Installer None
Requesting a certificate for eternalcenter.com
Performing the following challenges:
http-01 challenge for eternalcenter.com
Using the webroot path /usr/share/nginx/html for all unmatched domains.
Waiting for verification...
Cleaning up challenges

IMPORTANT NOTES:
 - Congratulations! Your certificate and chain have been saved at:
   /etc/letsencrypt/live/eternalcenter.com/fullchain.pem
   Your key file has been saved at:
   /etc/letsencrypt/live/eternalcenter.com/privkey.pem
   Your certificate will expire on 2022-03-20. To obtain a new or
   tweaked version of this certificate in the future, simply run
   certbot again. To non-interactively renew *all* of your
   certificates, run "certbot renew"
 - If you like Certbot, please consider supporting our work by:

   Donating to ISRG / Let's Encrypt:   https://letsencrypt.org/donate
   Donating to EFF:                    https://eff.org/donate-le</code></pre>



<p>（<br>补充：这里以<br>1) 使用 mingyu.zhu@eternalcenter.com 邮箱<br>2) 以非交互式的方式<br>3) 通过给 /usr/share/nginx/html/ 网站目录里添加验证文件进行验证<br>4) 给 eternalcenter.com 域名<br>申请 Let&#8217;s Encrypt SSL 证书为例<br>）</p>



<h4>步骤四：查看已经生成的 Let&#8217;s Encrypt SSL 证书</h4>



<pre class="wp-block-code"><code># certbot certificates
Saving debug log to /var/log/letsencrypt/letsencrypt.log

- - - - - - - - - - - - - - - - - - - - - - - - - - - - - - - - - - - - - - - -
Found the following certs:
  Certificate Name: eternalcenter.com
    Serial Number: 3e8cdb74a1abfbf3d535ec1c3f8cb3e4e4c
    Key Type: RSA
    Domains: eternalcenter.com
    Expiry Date: 2022-03-20 13:48:48+00:00 (VALID: 89 days)
    Certificate Path: /etc/letsencrypt/live/eternalcenter.com/fullchain.pem
    Private Key Path: /etc/letsencrypt/live/eternalcenter.com/privkey.pem
- - - - - - - - - - - - - - - - - - - - - - - - - - - - - - - - - - - - - - - -
</code></pre>



<p>（<br>补充：<br>1) /etc/letsencrypt/live/eternalcenter.com/fullchain.pem 是公钥<br>2) /etc/letsencrypt/live/eternalcenter.com/privkey.pem 是私钥<br>）</p>



<h4>步骤五：延期 Let&#8217;s Encrypt SSL 证书<br>5.1 查看 Let&#8217;s Encrypt SSL 证书的延期策略</h4>



<pre class="wp-block-code"><code># cat /etc/letsencrypt/renewal/eternalcenter.com.conf 
# renew_before_expiry = 30 days
version = 1.20.0
archive_dir = /etc/letsencrypt/archive/eternalcenter.com
cert = /etc/letsencrypt/live/eternalcenter.com/cert.pem
privkey = /etc/letsencrypt/live/eternalcenter.com/privkey.pem
chain = /etc/letsencrypt/live/eternalcenter.com/chain.pem
fullchain = /etc/letsencrypt/live/eternalcenter.com/fullchain.pem</code></pre>



<p>（补充：可以看出 Let&#8217;s Encrypt SSL 证书是在过期前 30 天才能更新）</p>



<h4>5.2 手动延期 Let&#8217;s Encrypt SSL 证书</h4>



<pre class="wp-block-code"><code># /usr/bin/certbot renew</code></pre>



<p>（补充：这里以延期 Let&#8217;s Encrypt SSL 证书为例）</p>



<h4>5.3 自动延期 Let&#8217;s Encrypt SSL 证书</h4>



<pre class="wp-block-code"><code># crontab -e</code></pre>



<p>添加以下内容：</p>



<pre class="wp-block-code"><code>......
0 0 */30 * * /usr/bin/certbot renew</code></pre>



<p>（补充：这里以每过 30 天的 0 时 0 分延期 Let&#8217;s Encrypt SSL 证书为例）</p>



<h4>步骤六：Let’s Encrypt SSL 证书的生成限制</h4>



<p>1) 一个域名申请次数不能超过 5 次/周<br>2) 允许申请失败次数不能超过 5 次/时<br>3) 属于同一个顶级域名的二级域名申请次数不能超过 20 次/周<br>4) 申请请求频率不能超过 20 次/秒<br>5) 一个 IP 地址创建用户个数不能超过 10 个/3 小时<br>6) 一个用户最多 pending 审核的数不能超过 300 个</p>
]]></content:encoded>
					
		
		
			</item>
		<item>
		<title>[工具] Shell 博客 WordPress 数据去隐私化</title>
		<link>./../shell-blog-wordpress-de-privacy/index.html</link>
		
		<dc:creator><![CDATA[Mingyu Zhu]]></dc:creator>
		<pubDate>Sat, 18 Dec 2021 16:12:50 +0000</pubDate>
				<category><![CDATA[Automation Maintenance (自动化运维)]]></category>
		<category><![CDATA[Chinese (中文)]]></category>
		<category><![CDATA[Languages (语言)]]></category>
		<category><![CDATA[Nginx]]></category>
		<category><![CDATA[Nginx Management (管理)]]></category>
		<category><![CDATA[Personal Website Building (个人网站建设)]]></category>
		<category><![CDATA[Project (项目)]]></category>
		<category><![CDATA[Services (服务)]]></category>
		<category><![CDATA[Shell]]></category>
		<category><![CDATA[Shell Backup (备份)]]></category>
		<category><![CDATA[Website Services (网站服务)]]></category>
		<guid isPermaLink="false">./../index.html?p=19868</guid>

					<description><![CDATA[介绍： 作者：朱明宇名称：Shell 博客 WordPress 数据去隐私化作用：修改 WordPress 备份中某个用户的密码并再次进行备份 使用方法：1. 在此脚本的分割线内写入相应的内容2. 给此脚本添加执行权限3. 执行此脚本 脚本分割线里的变量：1. path=/home/zhumingyu/EternalCenter #本地备份目录2. filename=eternalcenter-backup #本地备份文件3. cpath=&#8221;/srv/www/htdocs&#8221; #网站程序目录4. sqlfile=eternalcenter/eternalcenter.sql #网站数据库数据备份5. tarfile=eternalcenter/eternalcenter.tar.gz #网站网页数据备份6. newfilename=clone-eternalcenter-backup #新备份的文件名7. user=&#8217;Mingyu Zhu&#8217; #要修改密码的用户8. newpw=eternalcenter #新的用户密码9. dbuser=ec #用于连接数据库的用户10. dbuserpw=eternalcenter #用于连接数据库的密码11. db=ec #网站数据库数据在数据库中的库 注意：1. 本地需要已经搭建好 LNMP 平台2. 执行此脚本的用户需要有远程服务器的 sudo tar 和 sudo rm 权限3. 脚本 ”mysql -uroot -p&#8217;eternalcenter&#8217; -e &#8220;drop database $db;&#8221;“ 中 &#8230; <p class="link-more"><a href="./../shell-blog-wordpress-de-privacy/index.html" class="more-link">Continue reading<span class="screen-reader-text"> "[工具] Shell 博客 WordPress 数据去隐私化"</span></a></p>]]></description>
										<content:encoded><![CDATA[
<h2>介绍：</h2>



<p>作者：朱明宇<br>名称：Shell 博客 WordPress 数据去隐私化<br>作用：修改 WordPress 备份中某个用户的密码并再次进行备份</p>



<p>使用方法：<br>1. 在此脚本的分割线内写入相应的内容<br>2. 给此脚本添加执行权限<br>3. 执行此脚本</p>



<p>脚本分割线里的变量：<br>1. path=/home/zhumingyu/EternalCenter #本地备份目录<br>2. filename=eternalcenter-backup #本地备份文件<br>3. cpath=&#8221;/srv/www/htdocs&#8221; #网站程序目录<br>4. sqlfile=eternalcenter/eternalcenter.sql #网站数据库数据备份<br>5. tarfile=eternalcenter/eternalcenter.tar.gz #网站网页数据备份<br>6. newfilename=clone-eternalcenter-backup #新备份的文件名<br>7. user=&#8217;Mingyu Zhu&#8217; #要修改密码的用户<br>8. newpw=eternalcenter #新的用户密码<br>9. dbuser=ec #用于连接数据库的用户<br>10. dbuserpw=eternalcenter #用于连接数据库的密码<br>11. db=ec #网站数据库数据在数据库中的库</p>



<p>注意：<br>1. 本地需要已经搭建好 LNMP 平台<br>2. 执行此脚本的用户需要有远程服务器的 sudo tar 和 sudo rm 权限<br>3. 脚本 ”mysql -uroot -p&#8217;eternalcenter&#8217; -e &#8220;drop database $db;&#8221;“ 中 “eternalcenter“ 是指远程 MariaDB 数据库 root 用户的密码，需要修改成远程 MariaDB 数据库的 root 用户密码</p>



<h2>脚本：</h2>



<pre class="wp-block-code"><code>#!/bin/bash

####################### Separator ########################

path=/home/zhumingyu/EternalCenter
filename=eternalcenter-backup
cpath="/srv/www/htdocs"
sqlfile=eternalcenter/eternalcenter.sql
tarfile=eternalcenter/eternalcenter.tar.gz
newfilename=clone-eternalcenter-backup
user='Mingyu Zhu'
newpw=eternalcenter
dbuser=ec
dbuserpw=eternalcenter
db=ec

####################### Separator ########################

date=$(date +%Y-%m-%d-%H)
dir=`pwd`

sudo systemctl stop nginx
sudo systemctl stop php-fpm

mkdir -p $path/$newfilename-$date &amp;&gt; /dev/null

mysql -uroot -p'eternalcenter' -e "drop database $db;"
mysql -uroot -p'eternalcenter' -e "create database $db;"
mysql -uroot -e "create user \"$dbuser\"@\"localhost\" identified by \"$dbuserpw\";"
mysql -uroot -p'eternalcenter' -e "grant all privileges on $db.* to \"$dbuser\"@'localhost';"
mysql -uroot -p'eternalcenter' ec &lt; $sqlfile
mysql -uroot -p'eternalcenter' -e "update $db.ec_users set user_pass = md5(\'$newpw\') where user_login = \'$user\';"
sudo rm -rf $cpath/*
sudo tar -zxvf $tarfile -C $cpath &amp;&gt; /dev/null
cd $cpath
sudo sed -i "s/define('DB_PASSWORD', .*);/define('DB_PASSWORD', \'$dbuserpw\');/" wp-config.php

mysqldump -uroot -p'eternalcenter' $db &gt; $path/$newfilename-$date/$newfilename-$date.sql
sudo tar -zcvf $path/$newfilename-$date/$newfilename-$date.tar.gz .&#91;!.]* * &amp;&gt; /dev/null
cd $dir

sudo systemctl start nginx
sudo systemctl start php-fpm

cd $dir</code></pre>
]]></content:encoded>
					
		
		
			</item>
		<item>
		<title>[工具] Shell 将远程 LNMP 的网站数据库备份到本地</title>
		<link>./../shell-lnmp-backup/index.html</link>
		
		<dc:creator><![CDATA[Mingyu Zhu]]></dc:creator>
		<pubDate>Sat, 18 Dec 2021 14:48:32 +0000</pubDate>
				<category><![CDATA[Chinese (中文)]]></category>
		<category><![CDATA[Languages (语言)]]></category>
		<category><![CDATA[Nginx]]></category>
		<category><![CDATA[Nginx Management (管理)]]></category>
		<category><![CDATA[Services (服务)]]></category>
		<category><![CDATA[Shell]]></category>
		<category><![CDATA[Shell Backup (备份)]]></category>
		<category><![CDATA[Shell Tool (工具)]]></category>
		<category><![CDATA[Website Services (网站服务)]]></category>
		<guid isPermaLink="false">./../index.html?p=19861</guid>

					<description><![CDATA[介绍： 作者：朱明宇名称：将远程 LNMP 的网站数据库备份到本地作用：将远程 LNMP 的网站数据库备份到本地 使用方法：1. 在此脚本的分割线内写入相应的内容2. 给此脚本添加执行权限3. 执行此脚本 脚本分割线里的变量：1. path=/home/zhumingyu/EternalCenter #本地备份目录2. filename=eternalcenter-backup #本地备份文件3. key=&#8221;~/.ssh/eternalcenter&#8221; #本地备份本地私钥4. whost=&#8221;eternalcenter.com&#8221; #远程服务器5. wpath=&#8221;/usr/share/nginx/html&#8221; #远程服务器网站程序目录7. wcache=&#8221;/cache&#8221; #远程服务器临时备份目录 注意：1. 远程需要已经搭建好 LNMP 平台2. 用于远程服务器的用户，需要能免密钥 ssh 远程服务器，且对于本地用于本地数据的备份目录和远程服务器的目录拥有读和执行的权限3. 执行此脚本的用户需要有远程服务器的 sudo tar 权限4. 脚本 ”mysqldump -uroot -p&#8217;eternalcenter&#8217; ec &#62; $wcache/$filename-$date.sql“ 中 “eternalcenter“ 是指远程 MariaDB 数据库 root 用户的密码，需要修改成远程 MariaDB 数据库的 root 用户密码 脚本：]]></description>
										<content:encoded><![CDATA[
<h2>介绍：</h2>



<p>作者：朱明宇<br>名称：将远程 LNMP 的网站数据库备份到本地<br>作用：将远程 LNMP 的网站数据库备份到本地</p>



<p>使用方法：<br>1. 在此脚本的分割线内写入相应的内容<br>2. 给此脚本添加执行权限<br>3. 执行此脚本</p>



<p>脚本分割线里的变量：<br>1. path=/home/zhumingyu/EternalCenter #本地备份目录<br>2. filename=eternalcenter-backup #本地备份文件<br>3. key=&#8221;~/.ssh/eternalcenter&#8221; #本地备份本地私钥<br>4. whost=&#8221;eternalcenter.com&#8221; #远程服务器<br>5. wpath=&#8221;/usr/share/nginx/html&#8221; #远程服务器网站程序目录<br>7. wcache=&#8221;/cache&#8221; #远程服务器临时备份目录</p>



<p>注意：<br>1. 远程需要已经搭建好 LNMP 平台<br>2. 用于远程服务器的用户，需要能免密钥 ssh 远程服务器，且对于本地用于本地数据的备份目录和远程服务器的目录拥有读和执行的权限<br>3. 执行此脚本的用户需要有远程服务器的 sudo tar 权限<br>4. 脚本 ”mysqldump -uroot -p&#8217;eternalcenter&#8217; ec &gt; $wcache/$filename-$date.sql“ 中 “eternalcenter“ 是指远程 MariaDB 数据库 root 用户的密码，需要修改成远程 MariaDB 数据库的 root 用户密码</p>



<h2>脚本：</h2>



<pre class="wp-block-code"><code>#!/bin/bash

####################### Separator ########################

path=/home/zhumingyu/EternalCenter
filename=eternalcenter-backup
key="~/.ssh/eternalcenter"

whost="eternalcenter.com"
wpath="/usr/share/nginx/html"
wcache="/cache"

####################### Separator ########################

date=$(date +%Y-%m-%d-%H)

echo "copy eternalcenter data from website to local server"
ping -c3 -i0.4 $whost &gt; /dev/null
if &#91; $? -eq 0 ];then

        ssh -i $key $whost "
        mkdir $wcache &amp;&gt; /dev/null
        rm -rf $wcache/* &amp;&gt; /dev/null
        mysqldump -uroot -p'eternalcenter' ec &gt; $wcache/$filename-$date.sql
        cd $wpath
        sudo tar -zcvf $wcache/$filename-$date.tar.gz .&#91;!.]* * &amp;&gt; /dev/null
        "

        mkdir -p $path/$date &amp;&gt; /dev/null
        scp -i $key $whost:$wcache/$filename-$date* $path/$date

fi
echo</code></pre>
]]></content:encoded>
					
		
		
			</item>
	</channel>
</rss>
